01BlackRose08,GEORGIA,1
02SarahM,CALIFORNIA,1
03Masies,WISCONSIN,1
0a3430129c1b4f5,CALIFORNIA,1
0B_JuanKenobi,CALIFORNIA,1
0chillwill,NEWYORK,1
0_Fuk_Given,CALIFORNIA,1
123KatC,CALIFORNIA,1
123Viihlu,WISCONSIN,1
12jessicasims,GEORGIA,1
1399_saa,CALIFORNIA,1
13DiYaNkA,CALIFORNIA,1
14sbass,CALIFORNIA,1
15roneill,CALIFORNIA,1
16kingj,WISCONSIN,1
17Hooch,RHODE,1
17huletts,WISCONSIN,1
1985Dejan,WISCONSIN,1
19gtoth,MASSACHUSETTS,1
1Beerich,TEXAS,1
1doktornele,WISCONSIN,1
1tstreets_187,RHODE,1
24jc365,MASSACHUSETTS,1
27rohitKumar,GEORGIA,1
28724m,CALIFORNIA,1
30RockSuperFans,NEWYORK,1
31maki31,WISCONSIN,1
3dbloc,WISCONSIN,1
3DCRE,CALIFORNIA,1
3Four_Prod,CALIFORNIA,1
3leboutchou,NORTHCAROLINA,1
3min3m_lover,CALIFORNIA,1
3_samoNB_3,WISCONSIN,1
406to702,MASSACHUSETTS,1
40formsintimacy,COLORADO,1
4houselighting,WISCONSIN,1
4slas,NORTHCAROLINA,1
5148a274fa86451,CALIFORNIA,1
55cbaca85e374b1,WISCONSIN,1
5h2Wfh,CALIFORNIA,1
5SenseMarriage,WISCONSIN,1
5sos_lover_33_,CALIFORNIA,1
604arun,NEWYORK,1
65Dato,WISCONSIN,1
6GodGraham,WISCONSIN,1
6_boyce,CALIFORNIA,1
73Huntingdonsqn,CALIFORNIA,1
77d432863ebe462,WISCONSIN,1
7rangtv,RHODE,1
7_deadlyzins,NORTHCAROLINA,1
84213360,CALIFORNIA,1
8755745454,CALIFORNIA,1
8dfb4f5d646346b,CALIFORNIA,1
8ourgeois,VIRGINIA,1
96jasminecoles,WISCONSIN,1
999haunts,NORTHCAROLINA,1
9EIGHT9ENT,GEORGIA,1
9never_any,CALIFORNIA,1
9_Russell_21,WISCONSIN,1
A1GEEK,NEWYORK,1
AadamSparkzz,CALIFORNIA,1
aahana_dhar,CALIFORNIA,1
AalexxxFoxwell,CALIFORNIA,1
Aalink200,WISCONSIN,1
aarenprody,WISCONSIN,1
aaronhiles,CALIFORNIA,1
AaronMock14,WISCONSIN,1
aaron_e1294,CALIFORNIA,1
Aaron_Woodward,WISCONSIN,1
Aayah6688,OHIO,1
ab101697,NEWJERSY,1
AbbesDonutsFLA,WISCONSIN,1
abbeybusche_,CALIFORNIA,1
AbbeyHassan,NORTHCAROLINA,1
abbeymclennon,CALIFORNIA,1
AbbeyRaeee2,CALIFORNIA,1
AbbyHareHarris,NORTHCAROLINA,1
AbbyPerkins8,CALIFORNIA,1
abby_321_,MASSACHUSETTS,1
ABC7JayE,CALIFORNIA,1
Abdi272,CALIFORNIA,1
Abdula_Anisetty,OHIO,1
AbdullahMShaikh,TEXAS,1
abdullah_dawnak,CALIFORNIA,1
abedf92,MASSACHUSETTS,1
Abeh_254,NEWYORK,1
abhaynawani,CALIFORNIA,1
AbidingCare,RHODE,1
AbidingMarriage,TEXAS,1
AbiReimold,CALIFORNIA,1
AblaKlaa,CALIFORNIA,1
abolajisayo,WISCONSIN,1
Abrahim_TheGoat,TEXAS,1
ABrokeDesigner,WISCONSIN,1
absarokaa_wyo,CALIFORNIA,1
Abu_Kigab23,CALIFORNIA,1
AcaciaMizzou,WISCONSIN,1
acaciasink,WISCONSIN,1
AccordingtoDrew,CALIFORNIA,1
Ace15Cypress,MASSACHUSETTS,1
aclavers,NEWYORK,1
AcworthGAHomes,CALIFORNIA,1
ada914,CALIFORNIA,1
Adam4Bent,RHODE,1
adamfairholm,NEWYORK,1
AdammmWalsh,NEWYORK,1
adampeltonlove1,NORTHCAROLINA,1
adamspector2,MASSACHUSETTS,1
AdityaSambuaga,MASSACHUSETTS,1
adkelman,MASSACHUSETTS,1
adomidom,CALIFORNIA,1
AdoreMarriage,WISCONSIN,1
AdrianJulian,CALIFORNIA,1
adriantalingdan,NEWYORK,1
adshead_l,MASSACHUSETTS,1
AdviseTX,TEXAS,1
AdvisingBoston,MASSACHUSETTS,1
AdvocateAMG,NORTHCAROLINA,1
AdvocateAPPNews,CALIFORNIA,1
AdvocateComRel,CALIFORNIA,1
AdvocateEureka,NORTHCAROLINA,1
AdvocateMegC,CALIFORNIA,1
AdvocateSystem,CALIFORNIA,1
AdyCakesLLC,CALIFORNIA,1
aeradio2015,CALIFORNIA,1
AeroBrennan,CALIFORNIA,1
aetcars,CALIFORNIA,1
afarley08,MASSACHUSETTS,1
AFLExchange,FLORIDA,1
AfterChefJunior,NEWYORK,1
age321,WISCONSIN,1
AgentFenton,CALIFORNIA,1
agentzlaja,WISCONSIN,1
aggcloud,RHODE,1
AGMacRae,CALIFORNIA,1
AgProud,NORTHCAROLINA,1
agrarealestate,CALIFORNIA,1
AgronomyAdvntge,CALIFORNIA,1
agungkrniawan9,NORTHCAROLINA,1
agvthe,CALIFORNIA,1
agvthv,CALIFORNIA,1
AGWilsonn,CALIFORNIA,1
AHafiz_core,NORTHCAROLINA,1
Ahall06Ashley,RHODE,1
aharrisgirl,MASSACHUSETTS,1
AHerrinHBR,CALIFORNIA,1
AhmedRealty1,GEORGIA,1
AHSanchez128,CALIFORNIA,1
AhsanKh31215445,CALIFORNIA,1
ahvenaisesi,NORTHCAROLINA,1
Aibasso27,NORTHCAROLINA,1
aikopots24,NORTHCAROLINA,1
AimeeTay,CALIFORNIA,1
AIMMS,WISCONSIN,1
aimzkb,NORTHCAROLINA,1
Ains_Organ,CALIFORNIA,1
AirAvangarda,WISCONSIN,1
aircierge,NEWYORK,1
aiyananana,CALIFORNIA,1
ajhodet,TEXAS,1
ajoycecasas,CALIFORNIA,1
ajvogel,NEWYORK,1
AJYHYP,NEWYORK,1
akatz313,CALIFORNIA,1
aka_delboy,CALIFORNIA,1
akilalola444,CALIFORNIA,1
akilbalraj,MASSACHUSETTS,1
Akinfejev_PFK,MASSACHUSETTS,1
akramer10,MASSACHUSETTS,1
akshay1090,CALIFORNIA,1
akshchugh,GEORGIA,1
Aktolegaming,MASSACHUSETTS,1
akumu_stephen,CALIFORNIA,1
Al1shaK,CALIFORNIA,1
alainveuve,CALIFORNIA,1
AlanPeterJr,WISCONSIN,1
alawi99,OHIO,1
albabynyr,CALIFORNIA,1
alberti47136988,CALIFORNIA,1
albertzace,CALIFORNIA,1
alcovercarl,NORTHCAROLINA,1
Aldair0605,CALIFORNIA,1
aldrichjeff18,WISCONSIN,1
AldrinTheReal,NORTHCAROLINA,1
Ale0099,CALIFORNIA,1
Aleandre5,RHODE,1
AlecAustin,CALIFORNIA,1
aleeibuu,CALIFORNIA,1
alejandro6775,MASSACHUSETTS,1
alenadixson08,MISSOURI,1
alerera,GEORGIA,1
alessandraVScrt,WISCONSIN,1
alexarungah,CALIFORNIA,1
alexdglover,WISCONSIN,1
AlexDimick,NEWJERSY,1
AlexFontana1995,CALIFORNIA,1
AlexGeeDee,CALIFORNIA,1
AlexGrindeland,WASHINGTON,1
AlexGuerrerj,CALIFORNIA,1
alexiselizabet,CALIFORNIA,1
alexisgracehigg,CALIFORNIA,1
alexismathison,CALIFORNIA,1
Alexis_Groht,CALIFORNIA,1
AlexKeenPhoto,CALIFORNIA,1
AlexRibenboim,CALIFORNIA,1
AlexSparbeck,CALIFORNIA,1
Alexvitola3,MASSACHUSETTS,1
AlexWendland,MASSACHUSETTS,1
AlexYoungston,CALIFORNIA,1
Alex_06,CALIFORNIA,1
alex_gnoza,CALIFORNIA,1
Alex_Mayberry,CALIFORNIA,1
alex_pixel,WISCONSIN,1
aleynquan,NORTHCAROLINA,1
Alfredoelias11R,NORTHCAROLINA,1
alhajisuley,NEWYORK,1
Alhamzadwaik,MASSACHUSETTS,1
AliAliroper612,CALIFORNIA,1
alialvi,WASHINGTON,1
AliaWakileh,NORTHCAROLINA,1
aliciadugan10,CALIFORNIA,1
Aliiii_baba,MASSACHUSETTS,1
alikennedy_,CALIFORNIA,1
alinamarina17,MASSACHUSETTS,1
alisonx0_,NEWJERSY,1
Ali_Jaradeh,NORTHCAROLINA,1
aljastylison,CALIFORNIA,1
AllanVoghan,NORTHCAROLINA,1
AllenKnowsHIE,NORTHCAROLINA,1
Allin_Training,CALIFORNIA,1
AllisonAbayay,CALIFORNIA,1
AllisonChorey,CALIFORNIA,1
allisondone,CALIFORNIA,1
AllisonJ5,CALIFORNIA,1
allisonmcda,MASSACHUSETTS,1
AllisonMuni,CALIFORNIA,1
allsportsdata,CALIFORNIA,1
AllThingsNew215,WISCONSIN,1
allycKe,NEWYORK,1
AllyD2909,WISCONSIN,1
AllyDillsworth,FLORIDA,1
allymventura,WASHINGTON,1
All_Greatness,CALIFORNIA,1
All_InMke,MASSACHUSETTS,1
AlmenanzaJan,NORTHCAROLINA,1
almightyfighter,WISCONSIN,1
AlombossChollo,CALIFORNIA,1
ALotOfCats_,MASSACHUSETTS,1
AlphaPhiCSUSB,CALIFORNIA,1
AlphaPRoduction,GEORGIA,1
ALRadeck,VIRGINIA,1
alrolnora,NORTHCAROLINA,1
ALRUFIAN,NORTHCAROLINA,1
alstriker,MASSACHUSETTS,1
AltitudeVF,CALIFORNIA,1
ALUSCanada,CALIFORNIA,1
Alyansi,WISCONSIN,1
AlyseNykollxoxo,WISCONSIN,1
AlyshaBadour,CALIFORNIA,1
alyson_huber,CALIFORNIA,1
alyssafagien,GEORGIA,1
alyssa_patience,CALIFORNIA,1
alyviaweston9,CALIFORNIA,1
AL_KING2169,WISCONSIN,1
am050505,WISCONSIN,1
amalthya,CALIFORNIA,1
AmamaQuotes,GEORGIA,1
amandaa_v1,CALIFORNIA,1
amandan_jackson,FLORIDA,1
Amanda_pike16,WISCONSIN,1
amaranthinegirl,WASHINGTON,1
amarpadda,RHODE,1
amberber_95,WISCONSIN,1
amcaaron,CALIFORNIA,1
amcdermo,NEWYORK,1
americalizethh,CALIFORNIA,1
amhfarm,CALIFORNIA,1
amisha1301,NORTHCAROLINA,1
amity_leigh,MASSACHUSETTS,1
ammaral_zeer,CALIFORNIA,1
AmplifyUrBrand,MASSACHUSETTS,1
AMRealGirl,CALIFORNIA,1
amrodriguez104,WISCONSIN,1
AMS_Avionics,CALIFORNIA,1
amuse_kelly,NEWYORK,1
Amu_Tsogoo,NORTHCAROLINA,1
AmyEvans21,WISCONSIN,1
amy_clari,CALIFORNIA,1
anacartur,CALIFORNIA,1
AnaisSineiro,NORTHCAROLINA,1
anamgom,MASSACHUSETTS,1
anamkazimMLA,GEORGIA,1
AnandamTV,CALIFORNIA,1
anapaularafaela,WISCONSIN,1
anderson_mutua,NORTHCAROLINA,1
andievidal,FLORIDA,1
andi_woodward,MASSACHUSETTS,1
andjelaaaa13,WISCONSIN,1
ANDJosiah8787,CALIFORNIA,1
andreaoropeza8,MASSACHUSETTS,1
AndreaShayLA,CALIFORNIA,1
AndreasLebihan,CALIFORNIA,1
AndreaVRinaldi,GEORGIA,1
andrevsb,MASSACHUSETTS,1
andrewbarber02,NORTHCAROLINA,1
andrewfeller,WISCONSIN,1
AndrewGilligan2,VIRGINIA,1
andrewlee_18,NEWYORK,1
AndrewMunchy,WISCONSIN,1
AndrewPattock71,MINNESOTA,1
andrewsargeant,CALIFORNIA,1
Andrewscully23,WISCONSIN,1
AndreyKovalev94,NEWYORK,1
Andrija10Nina,WISCONSIN,1
AndruwWittels,CALIFORNIA,1
andyrtd,CALIFORNIA,1
andysatnz,CALIFORNIA,1
anesbit1,CALIFORNIA,1
angelicadelpap1,NORTHCAROLINA,1
angelicasemidei,CALIFORNIA,1
Angelica_werung,MASSACHUSETTS,1
AngeliMarcline,CALIFORNIA,1
Angelique_Bizet,NORTHCAROLINA,1
angelserwelas,NORTHCAROLINA,1
anggersatya,NORTHCAROLINA,1
Angielee_vr,CALIFORNIA,1
angiePRmarino,MASSACHUSETTS,1
angies1564,CALIFORNIA,1
Angyelito001,MASSACHUSETTS,1
aniatarazi,NORTHCAROLINA,1
animaljustice5,WISCONSIN,1
animationbellev,NORTHCAROLINA,1
anirbanmukh,GEORGIA,1
anitamiles20,VIRGINIA,1
Anja66T,CALIFORNIA,1
AnmolSingh1110,CALIFORNIA,1
annaamyerss,CALIFORNIA,1
annaeliz33,CALIFORNIA,1
AnnahBel1,NEWYORK,1
AnnaSnapp91,CALIFORNIA,1
annatkinsbksxyz,TENNESSEE,1
anna_catrin97,CALIFORNIA,1
anna__mrie,WISCONSIN,1
AnneDiNardo,NEWYORK,1
Annette34News,CALIFORNIA,1
anniesue5,WISCONSIN,1
annieuzar,MASSACHUSETTS,1
annikachurchh,CALIFORNIA,1
annisrisky,NORTHCAROLINA,1
AnnLedon,MASSACHUSETTS,1
AnnMcConnell,NORTHCAROLINA,1
annmurdesign,CALIFORNIA,1
annmwonjo,CALIFORNIA,1
Anntutih,GEORGIA,1
AnoopKumarBhat,GEORGIA,1
anotherstander,WISCONSIN,1
AnoudMubaidin,NORTHCAROLINA,1
ANowakRiviere,RHODE,1
AnPromises,WISCONSIN,1
ANRoth23,CALIFORNIA,1
anshuman_x,CALIFORNIA,1
AnsleyGordon,CALIFORNIA,1
AnsleyKish,GEORGIA,1
antarcticdinos,CALIFORNIA,1
antb00g13,CALIFORNIA,1
Anthony51209,NEWYORK,1
AnthonyLaudico,MASSACHUSETTS,1
anthonysantange,NEWYORK,1
AntjevG,CALIFORNIA,1
Antydogmatyk,CALIFORNIA,1
anukampagupta,NEWYORK,1
anyanildefonso,CALIFORNIA,1
anyonaalex,CALIFORNIA,1
AN_TracknField,MASSACHUSETTS,1
aparapi,TEXAS,1
Aparna160,CALIFORNIA,1
AplisoSA,CALIFORNIA,1
APLMaria,NEWYORK,1
AppsterTeam,CALIFORNIA,1
apput,OHIO,1
araasalinas,CALIFORNIA,1
AranoKj,CALIFORNIA,1
ArcherBuchanan,CALIFORNIA,1
ArchieGameDev,CALIFORNIA,1
ARCWisc,WISCONSIN,1
areadelhi,MASSACHUSETTS,1
areagujarat,CALIFORNIA,1
area_maha,CALIFORNIA,1
Arianajoven,CALIFORNIA,1
ArianaKay_lor,CALIFORNIA,1
arichards75,CALIFORNIA,1
Ariel_Angelico,FLORIDA,1
ariiannatips,RHODE,1
AriRich7,WISCONSIN,1
arjhinton,CALIFORNIA,1
ArlingtonCSD,NEWYORK,1
ArnoRosenfeld,NEWYORK,1
ArryanB,TEXAS,1
artbyoce,NORTHCAROLINA,1
ArtedeVie,LOUISIANA,1
ArteryInk,WISCONSIN,2
Artin__22,CALIFORNIA,2
ArtisticRite,CALIFORNIA,2
artistic_saint,WISCONSIN,2
ArtOfMaquenda,CALIFORNIA,2
artofmithril,NORTHCAROLINA,2
ArtofSekhmet,CALIFORNIA,2
ArtsInRI,CALIFORNIA,2
Arun_bravo_M,MASSACHUSETTS,2
Arushi134,NORTHCAROLINA,2
Arushi_Rawat,CALIFORNIA,2
AS220Food,NEWYORK,2
as220labs,NEWYORK,2
asbaaisami,NORTHCAROLINA,2
asbernstein2185,MASSACHUSETTS,2
aschroeder818,MASSACHUSETTS,2
asdavis_,MASSACHUSETTS,2
ASFInfra,CALIFORNIA,2
ashaonthebeach,CALIFORNIA,2
AshaSociety,CALIFORNIA,2
ashenork,WISCONSIN,2
AshesRse,CALIFORNIA,2
ashhhhtonx,CALIFORNIA,2
ashiech,CALIFORNIA,2
AshishMBakshi,CALIFORNIA,2
Ashleydalopz,CALIFORNIA,2
AshleyHalliwill,MASSACHUSETTS,2
ashleymarie5693,CALIFORNIA,2
AshleyTryba,CALIFORNIA,2
ashleyymarino,MASSACHUSETTS,2
ashleyynaomii,TENNESSEE,2
Ashley_M54579,CALIFORNIA,2
ashlynn_colon,CALIFORNIA,2
ashmuriithi,NEWYORK,2
AshNis,NORTHCAROLINA,2
ashtonevans,NEWYORK,2
Ashtonleighbeck,NORTHCAROLINA,2
asianSupermark,RHODE,2
ASK2architect,NEWYORK,2
Askembora,WISCONSIN,2
asmidgin,CALIFORNIA,2
ASOGBanks,WISCONSIN,2
asreeves34,TENNESSEE,2
Assassin_115,CALIFORNIA,2
Astana2628,WISCONSIN,2
astqb,FLORIDA,2
asultani7,NEWYORK,2
asu_kalekye,CALIFORNIA,2
aswin8783,CALIFORNIA,2
asydrayn,CALIFORNIA,2
ateful,CALIFORNIA,2
AthenaBME,CALIFORNIA,2
athenad,OHIO,2
ATHENA_RESE,NORTHCAROLINA,2
athinapechliva2,CALIFORNIA,2
Atirgen,NEWYORK,2
atomspark1618,MASSACHUSETTS,2
ATONAMIS317,MASSACHUSETTS,2
AtorSeri,CALIFORNIA,2
atouchof_grace,CALIFORNIA,2
AtrealJohnny,CALIFORNIA,2
AttorneyMN,MINNESOTA,2
atwalls,MASSACHUSETTS,2
aubreeyyy,CALIFORNIA,2
aubreyerin13,WISCONSIN,2
audballl911,NORTHCAROLINA,2
AUDDOTcom,NORTHCAROLINA,2
AudeRlx,CALIFORNIA,2
audio_adam,MASSACHUSETTS,2
AuditConduct,NEWYORK,2
AudzWrightYPR,CALIFORNIA,2
augenblicknyc,NEWYORK,2
augmentedvisual,NORTHCAROLINA,2
AugustKeith,NORTHCAROLINA,2
AUPCareers,NEWYORK,2
aurianneJB,NEWYORK,2
AuroraAlimentos,MASSACHUSETTS,2
AussieGators,NEWYORK,2
austinbrinza,NEWYORK,2
austinm124,CALIFORNIA,2
AustinSwinimer,CALIFORNIA,2
AutumnSansaver,CALIFORNIA,2
AvalonResident,TEXAS,2
Avandros1,NORTHCAROLINA,2
Avdeshzameen,CALIFORNIA,2
avenuedeleurope,WISCONSIN,2
AverilBohlens,NORTHDAKOTA,2
avkashchauhan,CALIFORNIA,2
avoge21,CALIFORNIA,2
AvonworthPE,PENNSYLVANIA,2
AWal55,CALIFORNIA,2
awalkhome,WISCONSIN,2
awaz02,OHIO,2
AWilsoonn,CALIFORNIA,2
AworthDball1,MASSACHUSETTS,2
AWPPHOTOGRAPHY,NEWYORK,2
awrightwhitley,CALIFORNIA,2
aw_is_brkn,WISCONSIN,2
Axelpult,CALIFORNIA,2
Axel_0197,CALIFORNIA,2
ayamrb,WISCONSIN,2
ayeeenando,CALIFORNIA,2
AyeeeYouu,CALIFORNIA,2
ayee_ciearra,CALIFORNIA,2
ayiesalleh29,WISCONSIN,2
ayminchet,CALIFORNIA,2
Ayusaa_2012,CALIFORNIA,2
ayushmankuriyal,CALIFORNIA,2
AyyoHutto,CALIFORNIA,2
azarathus,NORTHCAROLINA,2
a_paranjpye,CALIFORNIA,2
a_sis62,CALIFORNIA,2
b00mShakaLaka87,NORTHCAROLINA,2
b8syPaint,MASSACHUSETTS,2
babesband,CALIFORNIA,2
babinjobrat,WISCONSIN,2
babpreetika,CALIFORNIA,2
BabuddinI,MASSACHUSETTS,2
babyface_newgen,NEWYORK,2
babyyjohnnie,CALIFORNIA,2
BackpackersTW,NORTHCAROLINA,2
BaconRules123,CALIFORNIA,2
badlandslogan,NEWYORK,2
badlemans,NORTHCAROLINA,2
BadLuckG,NORTHCAROLINA,2
baepsehun,CALIFORNIA,2
BahadirDurak,RHODE,2
BaidManisha,CALIFORNIA,2
BaileyBooper,CALIFORNIA,2
bakerboy92,CALIFORNIA,2
BakersfieldRPM,CALIFORNIA,2
Bakhiter,NEWYORK,2
balabit,WISCONSIN,2
Balance180Gym,GEORGIA,2
balconyevents,NORTHCAROLINA,2
Ballislifee_5,CALIFORNIA,2
baltej7,WASHINGTON,2
BananaSalazar,CALIFORNIA,2
bandmichaelbr,WISCONSIN,2
BankingSmallBz,CALIFORNIA,2
BapeRodney,WISCONSIN,2
baptistebonnef1,RHODE,2
barbajulz,CALIFORNIA,2
BarbaraBermudez,MASSACHUSETTS,2
BarbaraDi,NEWYORK,2
BarbaraRainey,WISCONSIN,2
barbie_jalo,CALIFORNIA,2
barblyons,WISCONSIN,2
barodaproperty,VIRGINIA,2
barrycoltham,CALIFORNIA,2
BarthMoc,NEWYORK,2
bartka,WISCONSIN,2
BartlettGrill,CALIFORNIA,2
BartvanEijden,CALIFORNIA,2
bary__meth,CALIFORNIA,2
BasharMJarrar,NEWYORK,2
basicallyklynn,CALIFORNIA,2
BassemZabaneh,NORTHCAROLINA,2
BastienBdg,NORTHCAROLINA,2
batbuyan01,NORTHCAROLINA,2
bat_otgon_b,NORTHCAROLINA,2
bbhre,CALIFORNIA,2
bbqbistrro,MASSACHUSETTS,2
bcaputoh,NORTHCAROLINA,2
BCastellier,NEWYORK,2
bchaiken,MASSACHUSETTS,2
bdk414,MASSACHUSETTS,2
Bdoss219,WISCONSIN,2
Beach_Singles,WISCONSIN,2
BebeRiz,NORTHCAROLINA,2
becca_xpp,CALIFORNIA,2
becker_murray,CALIFORNIA,2
BeckMinus,CALIFORNIA,2
beckragdoll,MASSACHUSETTS,2
beckycartercook,NEWYORK,2
beebeeoko,MASSACHUSETTS,2
beesleys1,CALIFORNIA,2
beesweddings,NORTHCAROLINA,2
Beezinland360,CALIFORNIA,2
BEHallABC,CALIFORNIA,2
Beka_Tay,GEORGIA,2
BeleenDiz,WISCONSIN,2
Belieber12272,CALIFORNIA,2
belieberfan09,WISCONSIN,2
belkissanchezc,MASSACHUSETTS,2
BellaFilmsNola,CALIFORNIA,2
bellarukmana,NORTHCAROLINA,2
bellgiunta,PENNSYLVANIA,2
BelluauEmma,NORTHCAROLINA,2
BeltempestBand,WISCONSIN,2
BenBeech22,CALIFORNIA,2
Bengyanson,NORTHCAROLINA,2
benhall923,WISCONSIN,2
BenJaneDavies,NEWYORK,2
BenLeech2,CALIFORNIA,2
bennymullany,MASSACHUSETTS,2
benoitcorbel,RHODE,2
Benoit_Lavier,NEWYORK,2
benregez,CALIFORNIA,2
BenRoberts07,CALIFORNIA,2
benrosen1,CALIFORNIA,2
bensentsuecs,NORTHCAROLINA,2
BenStands,WISCONSIN,2
bentarap,NORTHCAROLINA,2
benwitte,NEWYORK,2
ben_batt,CALIFORNIA,2
BergenfieldLib,NEWJERSY,2
bergenfieldmb,NEWJERSY,2
BergenfieldNJ,NEWYORK,2
BergenfieldSD,NEWJERSY,2
Bernmeisternola,CALIFORNIA,2
BerteroSindaco,CALIFORNIA,2
BestGyrosCLE,WISCONSIN,2
bestmileypicz,NORTHCAROLINA,2
Bestquotes96000,WISCONSIN,2
BethanyBergArt,COLORADO,2
Bethany_R_Brown,MASSACHUSETTS,2
beth_kuj,MASSACHUSETTS,2
betterhealth_CA,CALIFORNIA,2
betterlove101,NEWYORK,2
BetterMarriage2,MISSOURI,2
BetterMarriages,WISCONSIN,2
BetterNewlyweds,WISCONSIN,2
beyoncetuber,WISCONSIN,2
beyondchance37,CALIFORNIA,2
bfall1523,CALIFORNIA,2
BhekumuziGumede,CALIFORNIA,2
BHPTeam,CALIFORNIA,2
bhrioni,CALIFORNIA,2
BHSMusicDept,NEWJERSY,2
bidhospitalists,WISCONSIN,2
BigEasyLofton,CALIFORNIA,2
biglaunching,MASSACHUSETTS,2
BigMan_44,NEWYORK,2
BigRedSyl,NORTHCAROLINA,2
bigrickirvin,CALIFORNIA,2
BigSap32,CALIFORNIA,2
Bigskye1144,WISCONSIN,2
BigT_90,CALIFORNIA,2
BigWuiz,NORTHCAROLINA,2
bigyusk30,NORTHCAROLINA,2
Big_Juicy_Mike,WISCONSIN,2
BIG_UGLE,MISSOURI,2
BikeChesterCo,CALIFORNIA,2
bikerushownzz,CALIFORNIA,2
BillCollard1,CALIFORNIA,2
billfathers,CALIFORNIA,2
BillKir33578576,CALIFORNIA,2
BillOwnz,CALIFORNIA,2
BillQuinlanTV20,MASSACHUSETTS,2
billutterford,TEXAS,2
billykuhl402,MASSACHUSETTS,2
biltmoreacademy,MASSACHUSETTS,2
binaryworker,CALIFORNIA,2
Binas72,NORTHCAROLINA,2
Binti_Afrique,NEWYORK,2
Bintyswazuri,NEWYORK,2
Biondi_D,NEWYORK,2
BiowithGoora,CALIFORNIA,2
BirdCageTaunton,CALIFORNIA,2
Bismarck_WX,MASSACHUSETTS,2
bisongruppe,CALIFORNIA,2
BitcoinFaucet3M,MASSACHUSETTS,2
bitesize17,CALIFORNIA,2
bjavkhlan,MASSACHUSETTS,2
BJHoff9,MISSOURI,2
bjornerix,MASSACHUSETTS,2
bjoseff44,MASSACHUSETTS,2
BKichinko65,CALIFORNIA,2
bkingcs,PENNSYLVANIA,2
bkipande,NEWYORK,2
BlackboxVisual,WISCONSIN,2
BlackHillsVinyl,CALIFORNIA,2
BlackLocustL,CALIFORNIA,2
blackmanrise14,NEWYORK,2
blackstonephoto,CALIFORNIA,2
BlackSwanMia,WISCONSIN,2
bladrcntrl101,CALIFORNIA,2
blaircrawford2,CALIFORNIA,2
blakeanne_,MASSACHUSETTS,2
blakesabol,CALIFORNIA,2
blake_raven,RHODE,2
Blattahali,CALIFORNIA,2
Blazefire_Saber,NORTHCAROLINA,2
blev117,NORTHCAROLINA,2
blguy06_lee,NEWYORK,2
blissandbespoke,NORTHCAROLINA,2
blizzardlites,WISCONSIN,2
Blk_Mamba20,CALIFORNIA,2
blockpocalypse,CALIFORNIA,2
BloopyFoxx,NORTHCAROLINA,2
BLSandCompany,NEWYORK,2
BlueCamelCafe,CONNECTICUT,2
BlueGardeniaNO,LOUISIANA,2
blueskiesnola,CALIFORNIA,2
bmadba,TEXAS,2
bmansayswhat,NEWYORK,2
BMcKinney909,FLORIDA,2
bmolseed,WISCONSIN,2
BobToulsonBurke,NEWYORK,2
bob_woodburn,MASSACHUSETTS,2
bodegamalasana,MASSACHUSETTS,2
bogotacKD,VIRGINIA,2
boinelle_romain,CALIFORNIA,2
bokeh88,CALIFORNIA,2
bonescosey,MASSACHUSETTS,2
bonganinhlapo17,CALIFORNIA,2
BonnieBRandall,CALIFORNIA,2
BonnieeKiedis,CALIFORNIA,2
BonniLedesma,WISCONSIN,2
Boogieboothnola,NORTHCAROLINA,2
Boomersaurus,MASSACHUSETTS,2
booobear_14,CALIFORNIA,2
bootsy_17,RHODE,2
borispelcer,MASSACHUSETTS,2
Boris_Nguyen,NORTHCAROLINA,2
bossichic,CALIFORNIA,2
BottJody,CALIFORNIA,2
BoyuZ,MASSACHUSETTS,2
bozzelli_carmen,CALIFORNIA,2
bp_kari32,NEWYORK,2
BradRigoulot,CALIFORNIA,2
BradTurville,MASSACHUSETTS,2
Bradys_Landing,TEXAS,2
brahimchhit,NORTHCAROLINA,2
BrainGig,CALIFORNIA,2
brandonkenyon55,CALIFORNIA,2
BrandonLal,NEWYORK,2
Brandon_Blf,MASSACHUSETTS,2
brandyp464,CALIFORNIA,2
brankdollas,WISCONSIN,2
brannanscott64,KANSAS,2
BravoRIPhil,CALIFORNIA,2
BrayanDeLaHoz19,WISCONSIN,2
breannalefneski,CALIFORNIA,2
BreDiesel,WISCONSIN,2
bree_wurst,PENNSYLVANIA,2
BrentHoffman1,GEORGIA,2
brettbradshaw72,VIRGINIA,2
BrettWSperry,GEORGIA,2
Bre_Mundy,WISCONSIN,2
bre_nicole1317,WISCONSIN,2
BrianaBQuinn,CALIFORNIA,2
BrianCorday,GEORGIA,2
BrianDiSab,CALIFORNIA,2
briankiamba,NORTHCAROLINA,2
BrianKolowitz,NORTHCAROLINA,2
BrianMFraley,GEORGIA,2
BriannaCommo,CALIFORNIA,2
BrianPfrang,TEXAS,2
brian_deyoung,TEXAS,2
brian_georgeson,MASSACHUSETTS,2
brian_youtuber,NEWYORK,2
BricksClub,GEORGIA,2
bridemberg,MASSACHUSETTS,2
Bridgenti,CALIFORNIA,2
bridoucette71,MASSACHUSETTS,2
Brightree,GEORGIA,2
BrightreeHHHO,GEORGIA,2
Brigi68,CALIFORNIA,2
brigitaMK,NORTHCAROLINA,2
brigita_ekha,MASSACHUSETTS,2
BrileyAnn23,WISCONSIN,2
britishteal,CALIFORNIA,2
BrittanyAnn610,CALIFORNIA,2
britt_mae89,GEORGIA,2
BRNSRS,MASSACHUSETTS,2
BroadComedy,WISCONSIN,2
BroadRunGC,CALIFORNIA,2
BroadStreetLine,CALIFORNIA,2
brookecreative,NORTHCAROLINA,2
brooklyn_krone,WISCONSIN,2
BrooksTheGod,WISCONSIN,2
BrothaLuke,CALIFORNIA,2
brrizzzzle,CALIFORNIA,2
BruneParkSchool,CALIFORNIA,2
Bruno_soaresr,WISCONSIN,2
BrushTuArt,CALIFORNIA,2
brusomogyi,CALIFORNIA,2
bryankelleybpk,NEWYORK,2
BryanLucious,WASHINGTON,2
bryantuck,GEORGIA,2
bryan_brune,COLORADO,2
BrycpP,MASSACHUSETTS,2
bryharrell,CALIFORNIA,2
brylovell,CALIFORNIA,2
bryzkicetea,MASSACHUSETTS,2
bseabolt33,CALIFORNIA,2
bsitwesley,CALIFORNIA,2
BTLightbody,CALIFORNIA,2
BttbBoosterRon,CALIFORNIA,2
BTTFQuotes1,VIRGINIA,2
BucknellCS,PENNSYLVANIA,2
BucknellGrants,PENNSYLVANIA,2
BucknellLIT,PENNSYLVANIA,2
BucknellMath,PENNSYLVANIA,2
BuckyProduction,WISCONSIN,2
buffalogospel,WISCONSIN,2
BuffettCC,MASSACHUSETTS,2
Bugaloopeb,CALIFORNIA,2
BuildStrongUSA,CALIFORNIA,3
BuiltbyFlaws,CALIFORNIA,3
bujdosoisaiah,CALIFORNIA,3
Bunnielyz2carl,NEWYORK,3
bunnywithsign,CALIFORNIA,3
BUPerry,MASSACHUSETTS,3
burhanaldroubi,CALIFORNIA,3
BurnsGrp,CALIFORNIA,3
bustatrades,MASSACHUSETTS,3
BuyFilipino,CALIFORNIA,3
BuyLegLamps,WISCONSIN,3
buzztodd,WISCONSIN,3
BuzzWhite,TEXAS,3
BU_ENGR,PENNSYLVANIA,3
BWalloch,CALIFORNIA,3
BYFD_Leth,RHODE,3
byronimation,WISCONSIN,3
BYZAUC,MASSACHUSETTS,3
b_fults_6,ILLINOIS,3
b_money888,WISCONSIN,3
B_M_Westbrook,WISCONSIN,3
c0nstantine_III,NEWYORK,3
ca3a9867b4fb495,WISCONSIN,3
CaaptainMorgann,CALIFORNIA,3
cadeditz,WASHINGTON,3
CadillacGabe,WISCONSIN,3
CadillacQYK,FLORIDA,3
CAHSAHUpdates,CALIFORNIA,3
caileydanielle,CALIFORNIA,3
CaitlynShmatlyn,CALIFORNIA,3
calanmoore,CALIFORNIA,3
CalebLehman13,CALIFORNIA,3
Callarda,CALIFORNIA,3
calledtobeone,GEORGIA,3
CalliSchillaci,WISCONSIN,3
callmerashi,OHIO,3
callmeWHISKY,GEORGIA,3
CalnTownship,CALIFORNIA,3
CamelAthletics,CONNECTICUT,3
camerie8,CALIFORNIA,3
Cameronkyle03,CALIFORNIA,3
CamiladelaHoz7,WISCONSIN,3
camilamarquez99,WISCONSIN,3
camilo_2107,WISCONSIN,3
cammxpp,FLORIDA,3
CampaignsMcr,NEWYORK,3
Campis_Lau,WISCONSIN,3
CamsZA,CALIFORNIA,3
CanadianTMJohn,WISCONSIN,3
CandaceFayee,TEXAS,3
candeeshoppee,NORTHCAROLINA,3
CandieW,CALIFORNIA,3
CandyCrush1999,CALIFORNIA,3
cannedtalent,GEORGIA,3
CanneryNOLA,CALIFORNIA,3
caocosmetics,CALIFORNIA,3
capasul,CALIFORNIA,3
CAPHigherEd,WASHINGTON,3
CapsLockSam,CALIFORNIA,3
CapterraIT,VIRGINIA,3
CaraidArt,CALIFORNIA,3
CarberryMedia,NEWYORK,3
cardellw,FLORIDA,3
CareBoundless,WASHINGTON,3
CaregiversA,WASHINGTON,3
CareVoyantHC,WASHINGTON,3
CareWatchInc1,GEORGIA,3
Caricoats,MASSACHUSETTS,3
CARLABsocial,CALIFORNIA,3
carladulcete3,WISCONSIN,3
carlataverneira,WISCONSIN,3
carlojanea,WASHINGTON,3
carlosrobles198,TEXAS,3
CarlossHuerta,CONNECTICUT,3
carlos_molina67,CALIFORNIA,3
Carlos_Vivaldo,CALIFORNIA,3
CarlyBlanchett,CALIFORNIA,3
CarlyPenrose,VIRGINIA,3
CarlyRaex3,NORTHCAROLINA,3
carmellaj97,NEWYORK,3
carmsbebs,WASHINGTON,3
carollinvieira,CALIFORNIA,3
CarolynArthurs1,LOUISIANA,3
carolyncomitta,CALIFORNIA,3
caropapus,NEWYORK,3
CaroReporting,NEWYORK,3
CarrickKnights,CALIFORNIA,3
carriefowlerea,CALIFORNIA,3
CarrieTooman,WISCONSIN,3
carslayy,WASHINGTON,3
Carson_Heim_,WISCONSIN,3
CaseyMein,CALIFORNIA,3
caseythomas97,CALIFORNIA,3
CasperDeWinter,CALIFORNIA,3
CassandraDowell,CALIFORNIA,3
Cassandra_Lucci,CALIFORNIA,3
cassanovy,WISCONSIN,3
castingshadowsx,TEXAS,3
castrosprodigy,CALIFORNIA,3
CaswalP,CALIFORNIA,3
CatherineKing10,CALIFORNIA,3
CatriceTeira,CALIFORNIA,3
CavsQStix,CALIFORNIA,3
CBCPT,WISCONSIN,3
cbdaytonrealtor,OHIO,3
CBGphotos,CALIFORNIA,3
CBJerseyCityNJ,NEWYORK,3
cbl_cranebank,GEORGIA,3
CBMalta,MASSACHUSETTS,3
cbouchard6824,MASSACHUSETTS,3
cBroker13,RHODE,3
ccampanellaa,NEWJERSY,3
ccgreen99,CALIFORNIA,3
CCIPittsburgh,PENNSYLVANIA,3
CCMVjVeriyan,CALIFORNIA,3
CCorbett_,NEWYORK,3
CCSaloon,CALIFORNIA,3
CCSEPA,CONNECTICUT,3
CCsustainable,CONNECTICUT,3
CC_Admission,CONNECTICUT,3
cdbongard,NEWJERSY,3
cdean18,CALIFORNIA,3
cdutton12,WISCONSIN,3
ce6874,CALIFORNIA,3
CeciliaCostaMen,WISCONSIN,3
Cedriic_Obin,NORTHCAROLINA,3
ceemonrooij,MASSACHUSETTS,3
ceirra_riddle,NEWYORK,3
CelebVegasTours,GEORGIA,3
CelloGirl123501,MASSACHUSETTS,3
Cell_met,CALIFORNIA,3
Cenibra,NORTHCAROLINA,3
CenterHealthGov,CALIFORNIA,3
centroprov,NEWYORK,3
Cen_health,OHIO,3
Cereul_,WISCONSIN,3
cesarhernandz23,VIRGINIA,3
cesuleth,CALIFORNIA,3
CFAShepherd,TEXAS,3
CFTLatWestEd,NEWYORK,3
cghtee,WISCONSIN,3
cgriffrun,CALIFORNIA,3
chace_n_lulu,RHODE,3
chachkidaily,WASHINGTON,3
chadbrennan17,CALIFORNIA,3
ChadHolzer,CALIFORNIA,3
chairmandances,CALIFORNIA,3
Challyadds,CALIFORNIA,3
ChampagneDropie,WISCONSIN,3
ChanceMaciolek,CALIFORNIA,3
ChanningsMuva,CALIFORNIA,3
chansubits,CALIFORNIA,3
ChapelGrille,RHODE,3
CHAP_Inc,WASHINGTON,3
charlesgravett1,CALIFORNIA,3
CharlesLeblic,WASHINGTON,3
CharlieCaslick,CALIFORNIA,3
charlie_rissy,GEORGIA,3
charlottemlld,CALIFORNIA,3
CharlvdMerwe,CALIFORNIA,3
charmsnvamps,WISCONSIN,3
chatellucile,CALIFORNIA,3
Chavezx6,WISCONSIN,3
chawesomegirl8,CALIFORNIA,3
cha_lcs,CALIFORNIA,3
cheaptweets850,MASSACHUSETTS,3
cheesekaehmm,WASHINGTON,3
ChefAdamBklyn,NEWYORK,3
ChefDerekQ,CALIFORNIA,3
ChefEstie,CALIFORNIA,3
ChefJaeclyn,CALIFORNIA,3
ChefJJ_TX,CALIFORNIA,3
ChefWithPen,CALIFORNIA,3
chef_amaya,CALIFORNIA,3
Chef_Kaitlyn,CALIFORNIA,3
ChelleBulilit,WISCONSIN,3
ChellerChris,WISCONSIN,3
ChelseyTLowe,CALIFORNIA,3
Chemical_spirit,CALIFORNIA,3
chemonye,NORTHCAROLINA,3
ChenShenKim,WASHINGTON,3
CherieA5011,GEORGIA,3
CherilynnCheri,WISCONSIN,3
CherrelJacobs,CALIFORNIA,3
cherylbaldwin67,WISCONSIN,3
chescobus,NEWYORK,3
ChesCoDems,CALIFORNIA,3
ChesCoLibrary,CALIFORNIA,3
ChescoPlanning,NEWYORK,3
ChescoPolitics,NEWYORK,3
ChescoVictory10,CALIFORNIA,3
ChesterCoEDC,NEWYORK,3
CheyRescorl,NEWJERSY,3
chiarullinick,WASHINGTON,3
chiefjacqueline,FLORIDA,3
ChielBecker,CALIFORNIA,3
Chikkymo,CALIFORNIA,3
ChilbertArenas,CALIFORNIA,3
ChillieChill,CALIFORNIA,3
CHIMECEO,MICHIGAN,3
chinchilla_206,CALIFORNIA,3
ChipLowePR,FLORIDA,3
ChitrapJoshi,CALIFORNIA,3
Chivalme,RHODE,3
chixx_09,WASHINGTON,3
chiyessa,WASHINGTON,3
ChloDreww,CALIFORNIA,3
chloe_camxxx,CALIFORNIA,3
chloe_fvrjn,NEWYORK,3
choi_nom0222,WASHINGTON,3
chreko,CALIFORNIA,3
ChrisCovone,CALIFORNIA,3
ChrisJohnson474,WISCONSIN,3
chrisketels,CALIFORNIA,3
ChrisOber,NEWYORK,3
ChrisPetrullo_,NEWJERSY,3
ChrisSobel,WISCONSIN,3
ChrisStradling,CALIFORNIA,3
ChrissyFromPDX,CALIFORNIA,3
ChrissySparks4,CALIFORNIA,3
CHRISTALFOX5,WISCONSIN,3
christel81570,NEWYORK,3
christhinksthis,CALIFORNIA,3
ChristiandreYow,NEWJERSY,3
ChristianWife1,WISCONSIN,3
ChristiesNpt,RHODE,3
ChristieSuePINK,FLORIDA,3
ChristMother,WISCONSIN,3
christydelregno,CALIFORNIA,3
christy_herman,WISCONSIN,3
Chris_ndika,NEWYORK,3
chriztophur,WISCONSIN,3
ChronicMarriage,CALIFORNIA,3
Chuchu_Maureen,NORTHCAROLINA,3
CiaMundung,MASSACHUSETTS,3
CiaraSibbick,CALIFORNIA,3
cimportugal_,GEORGIA,3
CincyKissel,NEWYORK,3
CindyDC_,WASHINGTON,3
CindykinSpace,WISCONSIN,3
Cindy_Nagel,CALIFORNIA,3
CinsAngel42,CALIFORNIA,3
citou1rapper,CALIFORNIA,3
CitrusFoam,CALIFORNIA,3
CityGirl118,TENNESSEE,3
CITY_ASSOCIATES,GEORGIA,3
CJGENTRY25,MISSOURI,3
cjohndeakin,CALIFORNIA,3
Cjones11x,CALIFORNIA,3
cjpop80,WISCONSIN,3
cjschmidt_,WISCONSIN,3
CJSTrey35,CALIFORNIA,3
CJZM15,GEORGIA,3
cj_barrett15,WASHINGTON,3
ckirmizitas,CALIFORNIA,3
ClaireyFiler,CALIFORNIA,3
clapdoor,CALIFORNIA,3
ClaraBerlose,MASSACHUSETTS,3
clareandreasons,NEWYORK,3
clare_dejoy,MASSACHUSETTS,3
claunavy,MASSACHUSETTS,3
ClaussenFarmer,CALIFORNIA,3
ClearviewNYC,NEWYORK,3
ClementFroger,WASHINGTON,3
ClemonsJocelyn,CALIFORNIA,3
Clem_frg,WASHINGTON,3
clesemartin,WASHINGTON,3
ClickClique,CALIFORNIA,3
ClinSeqNews,NEWYORK,3
clivefarringto1,WISCONSIN,3
CliveV1,CALIFORNIA,3
clkehr,MASSACHUSETTS,3
ClothandJustice,CALIFORNIA,3
CloverCoin,NORTHDAKOTA,3
ClubMarriage,FLORIDA,3
clvicik,CALIFORNIA,3
clydesdalefilly,CALIFORNIA,3
cmaedu,TENNESSEE,3
CMAEDUatUF,GEORGIA,3
CMARDLeth,CALIFORNIA,3
Cmerolli,MASSACHUSETTS,3
cmk_colloe,NORTHCAROLINA,3
CmlbUs,WISCONSIN,3
cncfeed,CALIFORNIA,3
CNCNZcom,CALIFORNIA,3
cncownersoff,WISCONSIN,3
CnCSagaDE,NEWYORK,3
cndyvo,CALIFORNIA,3
cnewell15,CALIFORNIA,3
CNNLADESK,CALIFORNIA,3
cnxcnx,MASSACHUSETTS,3
coachbmcknight,CALIFORNIA,3
CoachClive10,NEWYORK,3
coachdonowilson,CALIFORNIA,3
CoachGarrett53,MASSACHUSETTS,3
coachkscarlett,CALIFORNIA,3
CoachLilisa,CALIFORNIA,3
CoachTosches,MASSACHUSETTS,3
Coach_Fadi,WASHINGTON,3
coach_malouf,MASSACHUSETTS,3
Coach_Raitano,NEWJERSY,3
Coatesville_Ed,CALIFORNIA,3
coby_osler,TEXAS,3
cocobiiz,RHODE,3
cococolleen2001,MASSACHUSETTS,3
COCONUTMILKYWAY,NEWYORK,3
CodedInColch,CALIFORNIA,3
Cody6860,WASHINGTON,3
codybigsexy1,WASHINGTON,3
CodyMunn_14,CALIFORNIA,3
CodySvoboda44,WISCONSIN,3
cofilence,WISCONSIN,3
cohenj92,WASHINGTON,3
COHospitalAssn,CALIFORNIA,3
colbywallace5,CALIFORNIA,3
coldcaselovefic,WISCONSIN,3
ColdironCassie,CALIFORNIA,3
ColeEshelman,WASHINGTON,3
coleleonoff,NEWYORK,3
ColeMalouin,CALIFORNIA,3
ColeShortliffe,CALIFORNIA,3
collado193,CONNECTICUT,3
collay26,CALIFORNIA,3
collie_flowers,GEORGIA,3
collingabriel79,MASSACHUSETTS,3
colonelkerning,NEWYORK,3
ColonelPlatypus,WISCONSIN,3
colonyfm,CALIFORNIA,3
Colourworks_ZA,CALIFORNIA,3
coltheiden,COLORADO,3
ColtonFritts,MASSACHUSETTS,3
ColynePapin,NEWYORK,3
ComedyConclave,MASSACHUSETTS,3
ComicSansWords,CALIFORNIA,3
Community_Magic,CALIFORNIA,3
compa_rafa,WISCONSIN,3
comtelza,CALIFORNIA,3
conan4363,CALIFORNIA,3
Conkerberry,NEWYORK,3
ConnColl2015,CONNECTICUT,3
ConnCollAlums,CONNECTICUT,3
ConnCollCareer,CONNECTICUT,3
ConnCollSAC,CONNECTICUT,3
connoc23,CALIFORNIA,3
Connocat,CALIFORNIA,3
ConnollyBrooke,CALIFORNIA,3
connorcassidy18,MASSACHUSETTS,3
connor_reddy,WISCONSIN,3
Conn_J_Will,CALIFORNIA,3
ConorMoore,NEWYORK,3
Consigli1Di,WASHINGTON,3
constanzapaler1,MASSACHUSETTS,3
Consumablessafe,CALIFORNIA,3
ConsumerRES,CALIFORNIA,3
ContinuLink,CALIFORNIA,3
ConversaLifetim,WASHINGTON,3
CookieThunder13,WISCONSIN,3
cool_boyZ_27,CALIFORNIA,3
coopercomputer,CALIFORNIA,3
corcoran_nyc,NEWYORK,3
Cordell_Carl,WASHINGTON,3
corentinandrea,CALIFORNIA,3
Coren_Tin,CALIFORNIA,3
Cormier2,WISCONSIN,3
CornellGPSA,NEWYORK,3
CornellJoeS,NEWYORK,3
CorOfTheBridge,RHODE,3
cosby_aubrie,CALIFORNIA,3
CosciaMoosArch,CALIFORNIA,3
coshannonmarie,COLORADO,3
cossio_pedro,IOWA,3
CouncilOfFools,CALIFORNIA,3
countryNYC,NEWYORK,3
CountyGazetteEd,CALIFORNIA,3
CoupleCheckup,WISCONSIN,3
CoupleCheckupAU,WISCONSIN,3
courtneyjonaire,MASSACHUSETTS,3
CovenantStand,WISCONSIN,3
covenantstander,WISCONSIN,3
cowboyswife07,WISCONSIN,3
CoyoteLuckArt,WASHINGTON,3
CO_Rheumatology,WISCONSIN,3
cpeters97,CALIFORNIA,3
cpickensNYC,CALIFORNIA,3
cpokeefe,MASSACHUSETTS,3
CPoTweetsStuff,CALIFORNIA,3
craigmoses14,CALIFORNIA,3
CraigPeebles,CALIFORNIA,3
craigsikora,WISCONSIN,3
craig_ctucker,CALIFORNIA,3
CrazyBlue,CALIFORNIA,3
CrefloDollar6,GEORGIA,3
CrepeWizard,CALIFORNIA,3
CrestronInt_MKT,CALIFORNIA,3
Crevy_Evy,CALIFORNIA,3
CREW_Philly,CALIFORNIA,3
Cribit_Taylor,CALIFORNIA,3
CRissaGK,CALIFORNIA,3
crisssy_xoxo,CALIFORNIA,3
cristia66166705,CALIFORNIA,3
cristianoms,WISCONSIN,4
CristinaMerily1,MASSACHUSETTS,4
CristobalGil_Lu,MASSACHUSETTS,4
cri_tique,CALIFORNIA,4
CRMFundMachiner,CALIFORNIA,4
CrossCultureVC,NEWYORK,4
CrossyChicken,CONNECTICUT,4
crowdedworlds,CALIFORNIA,4
crthorsen,CALIFORNIA,4
CrushtheRobot,CALIFORNIA,4
CryssNaranjo,MASSACHUSETTS,4
crystalheart31,CALIFORNIA,4
crzydemona,CALIFORNIA,4
csouthern_bunny,MASSACHUSETTS,4
CTKerchner,CALIFORNIA,4
CT_HealthAtHome,CONNECTICUT,4
CUKPublicLife,CALIFORNIA,4
culiquip,CALIFORNIA,4
CupidRunCLE,CALIFORNIA,4
CuppersCoffee,CALIFORNIA,4
CURE_NY,NEWYORK,4
Curls4_ThaGurls,CALIFORNIA,4
Curtis1864,RHODE,4
cutee_sidharth,CALIFORNIA,4
cuteri22,CALIFORNIA,4
cutsykid3,NEWYORK,4
cuttie_annryl,WASHINGTON,4
Cuupcakeeee,WISCONSIN,4
CVTrail,NEWYORK,4
CWeddingBliss,TENNESSEE,4
cw_venkatrangan,CALIFORNIA,4
CyberFame247,WISCONSIN,4
CynthiaCCarter,VIRGINIA,4
CyrusAlderwood,VIRGINIA,4
czatwins11,KANSAS,4
czerpak_,CALIFORNIA,4
c_alexandra03,CALIFORNIA,4
c_haise,WISCONSIN,4
C_J_Williams,NEWYORK,4
c_mille,VIRGINIA,4
c_seneca,CALIFORNIA,4
c_thompson6,WISCONSIN,4
C_Z_3,NEWJERSY,4
D10Athletics,CALIFORNIA,4
d13locker,WISCONSIN,4
d4mjan,WISCONSIN,4
d4v3g,CALIFORNIA,4
d869115a00354ba,CALIFORNIA,4
daanblaack,MASSACHUSETTS,4
daccraft,WISCONSIN,4
DaevTV,WISCONSIN,4
daftgula,CALIFORNIA,4
daggs_linds,WISCONSIN,4
dailydapper,WISCONSIN,4
dailyfor69,CALIFORNIA,4
DailyMarBuilder,WISCONSIN,4
DailyUnicorn,WISCONSIN,4
Daily_Marriage,TEXAS,4
Dakota_Roice206,CALIFORNIA,4
dalasaoudi,WASHINGTON,4
daldridgecsn,WASHINGTON,4
Dalek_Fire,WISCONSIN,4
dale_scoc,CALIFORNIA,4
Dalia_bm,WASHINGTON,4
daljawamis,MASSACHUSETTS,4
dallas22texas,CALIFORNIA,4
Dallasx06,CALIFORNIA,4
DALUX_,CALIFORNIA,4
damibarrio,MASSACHUSETTS,4
Damienking244,WISCONSIN,4
DanaAbdeen_,WASHINGTON,4
Dananoel17,CALIFORNIA,4
dana_lewin,OHIO,4
Danbharathy,CALIFORNIA,4
Danbolivar12,WISCONSIN,4
DancunAwitty,CALIFORNIA,4
dane_dub,CALIFORNIA,4
DANGERMAN57,CALIFORNIA,4
DaniaIstaitie,WASHINGTON,4
danielgjoede,MASSACHUSETTS,4
DanielLassman,FLORIDA,4
daniellebowers_,MASSACHUSETTS,4
DanielleCotillo,FLORIDA,4
daniellenasuti,CALIFORNIA,4
DanielMallia,CALIFORNIA,4
danielmonty2,CALIFORNIA,4
danielmunns1,WISCONSIN,4
DanielNealAdler,NEWYORK,4
daniraee,CALIFORNIA,4
DaniSrVendetta,WASHINGTON,4
DANKOMISITA,WISCONSIN,4
dannie_brookee,CALIFORNIA,4
DannyJonokuchi,NEWYORK,4
DannyLean,VIRGINIA,4
danny_l22,PENNSYLVANIA,4
Danny_Mcfc,MASSACHUSETTS,4
danny_noel91,NEWYORK,4
DaNoobSays,MASSACHUSETTS,4
dansavage_art,WASHINGTON,4
dantestrading,CALIFORNIA,4
dantilstra,NEVADA,4
danyk395,CALIFORNIA,4
DaoustAshley,WISCONSIN,4
dapuckster,WISCONSIN,4
DarkNessie2,CALIFORNIA,4
DarknessLoveer,WISCONSIN,4
DarkRoux,WASHINGTON,4
darksinful,WISCONSIN,4
DarleneHebert,CALIFORNIA,4
DarlinMartor,CALIFORNIA,4
DarO__XD,WISCONSIN,4
DarrylBurnett,RHODE,4
Darsh726,TENNESSEE,4
DarusPoken,GEORGIA,4
DaseinUltimate,CONNECTICUT,4
DateBritishGuys,NEWYORK,4
DateNightEvent,WISCONSIN,4
davefraleigh,NEWYORK,4
DaveMAdams,CALIFORNIA,4
DaveNelsen2,MASSACHUSETTS,4
davepollackjazz,CALIFORNIA,4
davesworld57,CALIFORNIA,4
DaveyOil,WASHINGTON,4
DavidBordwell,MASSACHUSETTS,4
daviddring,CALIFORNIA,4
davidjunge,MASSACHUSETTS,4
davidkyang,CALIFORNIA,4
DavidPaulStudio,LOUISIANA,4
davidsglynn,NEWYORK,4
davids_dale,NEWYORK,4
DavidWoolley3,CALIFORNIA,4
David_Lehr,CALIFORNIA,4
david_macmurchy,CALIFORNIA,4
David_Zedd,NEWYORK,4
DavisJamie77,WASHINGTON,4
DavzFavz,CALIFORNIA,4
DawnBlackRose,CALIFORNIA,4
DawnDiva13,CALIFORNIA,4
dawnr48,CALIFORNIA,4
DawoodEngineers,CALIFORNIA,4
DawoodHussain1,CALIFORNIA,4
DawsonDuff,NORTHCAROLINA,4
daymstan,VIRGINIA,4
DAYOCONNOLLY,CALIFORNIA,4
DaySpaSavannah,GEORGIA,4
DayZCharacter,NORTHCAROLINA,4
Dazzumbledor,CALIFORNIA,4
Da_SNUMack369,CALIFORNIA,4
DBalj,WASHINGTON,4
dbao,CALIFORNIA,4
dbehee,KANSAS,4
DBigoness,NEWYORK,4
dbocchino24,MASSACHUSETTS,4
dbricetyler,MASSACHUSETTS,4
dburkes10,WISCONSIN,4
dchistorydept,CALIFORNIA,4
DCMathsDept,OHIO,4
dcoachman6,WISCONSIN,4
dddarrengill,NEWYORK,4
DdsmOrr,VIRGINIA,4
ddyahsuci,WASHINGTON,4
ddyYue,WASHINGTON,4
DeanIdieKesner,MASSACHUSETTS,4
dearshakti,VIRGINIA,4
DeathOverDecaf,CALIFORNIA,4
DebbieOlsen01,CALIFORNIA,4
debbimarks1,NEWYORK,4
Debbypradianto,WASHINGTON,4
DeborahSills,WASHINGTON,4
DeboraMykoluk,CALIFORNIA,4
DebraCheatham,WISCONSIN,4
debster0701,MASSACHUSETTS,4
deb_staub,MASSACHUSETTS,4
Dedxz,CALIFORNIA,4
DEEJ_KID,NEWYORK,4
deemaritz,CALIFORNIA,4
deepikadharnaik,CALIFORNIA,4
deepitome2015,CALIFORNIA,4
DeerbrookMall,TEXAS,4
DeeSportsGuru,MASSACHUSETTS,4
defesa_digital,WISCONSIN,4
defqwop,NEWYORK,4
Degrazy,CALIFORNIA,4
DejanVitezovic,WISCONSIN,4
dejesussteven11,CALIFORNIA,4
DelaneyGerhart,CALIFORNIA,4
delhighar,CALIFORNIA,4
DelhiNoidaProp,CALIFORNIA,4
DeltaHealthTech,PENNSYLVANIA,4
DeltaTIgroup,CALIFORNIA,4
demarshmallow69,OHIO,4
DemetriusMJames,WISCONSIN,4
DemiKarras6,WISCONSIN,4
dens_milly,CALIFORNIA,4
derekalvarado50,CALIFORNIA,4
DerekCompeau,CALIFORNIA,4
DerickDW,GEORGIA,4
DerrickLopez98,WISCONSIN,4
designery22,LOUISIANA,4
desigualno,WISCONSIN,4
deste24,CALIFORNIA,4
DestinyMcMurray,WISCONSIN,4
destroyK0,WISCONSIN,4
detonatorbrand,MASSACHUSETTS,4
DetroitComics,CALIFORNIA,4
deVereMalaysia,CALIFORNIA,4
DeviBrigard,CALIFORNIA,4
devita180,CALIFORNIA,4
DeviTenges,CALIFORNIA,4
devonmoreno6,MASSACHUSETTS,4
Devon_Digital,CALIFORNIA,4
Dev_LocTavii222,PENNSYLVANIA,4
DexterLabP,CALIFORNIA,4
Deyta_Analytics,MISSOURI,4
DeyVarah,NEWYORK,4
dfrenchcasat,NEWYORK,4
DGalente,CALIFORNIA,4
dhledbetter,PENNSYLVANIA,4
DiabloLeveling,CALIFORNIA,4
dianaaavee,CALIFORNIA,4
diane196030,CALIFORNIA,4
dianejenflores,CALIFORNIA,4
dianerule,CALIFORNIA,4
DianneYanda,CALIFORNIA,4
dianymej45,MASSACHUSETTS,4
diaralkaldy,CALIFORNIA,4
diegomontes16,CALIFORNIA,4
diegonachmann,NEWYORK,4
Dieselwon2012,FLORIDA,4
DigInMules,MASSACHUSETTS,4
digitalmaximal,CALIFORNIA,4
DigitalPlymouth,CALIFORNIA,4
dillelicious,WASHINGTON,4
DimeStudios,CALIFORNIA,4
DinaKawar1,WASHINGTON,4
Dinashawar,MASSACHUSETTS,4
Dindamdr,WASHINGTON,4
Dinewithjemutai,NEWYORK,4
dipishrai,MASSACHUSETTS,4
DisabledKevin,CALIFORNIA,4
discepolan,NEWJERSY,4
DiscoverItHere,CALIFORNIA,4
DiscoverWarren,RHODE,4
DisruptionAlert,CALIFORNIA,4
DitaBelaPutri,WASHINGTON,4
DixonMash,NORTHCAROLINA,4
Djaaaaayy,CALIFORNIA,4
DJAFothergill,CALIFORNIA,4
djammidersnilld,WISCONSIN,4
DJdotTree,NEWYORK,4
djeazy55,CALIFORNIA,4
DjEmpez,NEWYORK,4
DjGrasshole,WASHINGTON,4
Djidji_KV25,WISCONSIN,4
djitallkenya,CALIFORNIA,4
djmaimone,MASSACHUSETTS,4
DJMNE1,CALIFORNIA,4
djpowers25,WASHINGTON,4
djsmartvil1,NEWYORK,4
DJTyga_SA,GEORGIA,4
djvxfaisal,GEORGIA,4
dkdyosa,WASHINGTON,4
DKornetti,WASHINGTON,4
DMacLean15,MASSACHUSETTS,4
Dmadm1n,WISCONSIN,4
DMarketHall,CALIFORNIA,4
DMcFarlinUF,GEORGIA,4
DMenefeeLibey,CALIFORNIA,4
dmiller0464,RHODE,4
dmoses90,CALIFORNIA,4
Dnae_Marie,CALIFORNIA,4
docarsenic,CALIFORNIA,4
docjarv,ILLINOIS,4
docligot,CALIFORNIA,4
DocRickMarsha1,CALIFORNIA,4
Doda9,WISCONSIN,4
dodeene,WASHINGTON,4
dogpuke_,TENNESSEE,4
DohaBen,CALIFORNIA,4
DohaBSchool,OHIO,4
DohaCollegeAlum,WISCONSIN,4
DohaCollegeIA,OHIO,4
DohaCSocial,OHIO,4
DohaExpat,OHIO,4
dohaexpat07,OHIO,4
DohaExpatsInfo,CALIFORNIA,4
Doigenstein,MASSACHUSETTS,4
dominicguyot,WASHINGTON,4
DominosTaunton,CALIFORNIA,4
DomPRaven,CALIFORNIA,4
DonBaney111,CALIFORNIA,4
dongman_81,WASHINGTON,4
DonLunn,CALIFORNIA,4
DonnaHeidersche,IOWA,4
DonnieWark,CALIFORNIA,4
donniker12,MASSACHUSETTS,4
donovanerba,GEORGIA,4
donscheibenreif,MASSACHUSETTS,4
dontstalkme800,CALIFORNIA,4
Dopeman_24,NEWYORK,4
doragirl14,WISCONSIN,4
DoranSummers,CALIFORNIA,4
DoraPrez4,WISCONSIN,4
Dorcholac,WISCONSIN,4
doriane_hdr,WASHINGTON,4
doruntinakozhan,CALIFORNIA,4
dottieevans14,CALIFORNIA,4
Doublelobe7,CALIFORNIA,4
DougCraven,NEWYORK,4
Dougie_412_,CALIFORNIA,4
dougkolson,MINNESOTA,4
downtownstudio,WISCONSIN,4
DoYouGetScared,WISCONSIN,4
DPierce72,GEORGIA,4
DPurcell17,CALIFORNIA,4
dp_mindoktor,CALIFORNIA,4
DQstarterpacks,WASHINGTON,4
dramil13,FLORIDA,4
DrAnderson19,NORTHCAROLINA,4
DrCurlytek,CALIFORNIA,4
DrDavesPlace,VIRGINIA,4
DreadRockSound,WISCONSIN,4
dreamembr,NEWYORK,4
DreamFoxStudio,WASHINGTON,4
dremer_zee,CALIFORNIA,4
driesDP,CALIFORNIA,4
driftwood_mag,MASSACHUSETTS,4
DrinkandaCake,NEWYORK,4
DripDropSA,CALIFORNIA,4
DRJ_WR2Remember,VIRGINIA,4
DrKlippel,GEORGIA,4
DrMcCleese,VIRGINIA,4
Drobnjak_IzAuta,WISCONSIN,4
drosentrater,MASSACHUSETTS,4
DrPopovicPop,WISCONSIN,4
DrProfBlackLady,CONNECTICUT,4
DrSidWave,MASSACHUSETTS,4
dsantos913,WASHINGTON,4
dsholler,CALIFORNIA,4
DSPCSUSB,CALIFORNIA,4
dssc36,WASHINGTON,4
dtadgh,CALIFORNIA,4
dthompson01,CALIFORNIA,4
dts_designs,CALIFORNIA,4
duane_08,WISCONSIN,4
dubcnews,CALIFORNIA,4
DublinDragons,CALIFORNIA,4
DublinVipers,CALIFORNIA,4
dukechick6682,WISCONSIN,4
duncanmbodze2,NEWYORK,4
Duncan_Bramwell,CALIFORNIA,4
dushiness,CALIFORNIA,4
Dvulgobg,WISCONSIN,4
dwinters24,MASSACHUSETTS,4
dx_camille,MASSACHUSETTS,4
dylanswallet,WASHINGTON,4
Dylan_Weiding_,CALIFORNIA,4
DynamoKickstand,MASSACHUSETTS,4
D_and_J1,CALIFORNIA,4
d_caravaca,MASSACHUSETTS,4
D_ENGEL000,CALIFORNIA,4
D_Russ115,CALIFORNIA,4
D_Sim15,MASSACHUSETTS,4
D_Thorn123,NEWJERSY,4
e671046e2c5b424,NORTHCAROLINA,4
eagano,CALIFORNIA,4
EanDunn,CALIFORNIA,4
EastJesusArt,CALIFORNIA,4
east_goshen,CALIFORNIA,4
easybuilder_in,CALIFORNIA,4
ebrahiem_adams,CALIFORNIA,4
ebrianhughes,HAWAII,4
echapmanb,CALIFORNIA,4
ECHOcastsKrieg,CALIFORNIA,4
echoedwalls,RHODE,4
econnor24,MASSACHUSETTS,4
ECULLEN1,WISCONSIN,4
EdBiden,CALIFORNIA,4
edbraddy,GEORGIA,4
edenmarriage,WISCONSIN,4
edennigeria,CALIFORNIA,4
EDiConsiglio,WASHINGTON,4
edogeka,WASHINGTON,4
Edo_DAle,CALIFORNIA,4
eduardoduclos,WISCONSIN,4
Eduardo_J_Gomez,CALIFORNIA,4
eduardsputra,MASSACHUSETTS,4
EduTisha,CALIFORNIA,4
edvaldoavila,VIRGINIA,4
EecoValley,CALIFORNIA,4
EelButt,CALIFORNIA,4
Eeoor,CALIFORNIA,4
eerikrojas,WISCONSIN,4
efirenzaputra,CALIFORNIA,4
egalitaria,MASSACHUSETTS,4
egarrity21,WISCONSIN,4
egeorgiou88,MASSACHUSETTS,4
egross69,WISCONSIN,4
ehardy_123,CALIFORNIA,4
ehdzxcvbnm,CALIFORNIA,4
eiselein,MASSACHUSETTS,5
ejc2776,WISCONSIN,5
Ejiigwuonyi,RHODE,5
ejm3d,CALIFORNIA,5
eKamineth,CALIFORNIA,5
Ekey_027,WASHINGTON,5
ekkosecurity,CALIFORNIA,5
Ekonomista3,WISCONSIN,5
ekston,CALIFORNIA,5
ElementalSpirit,CALIFORNIA,5
ElfridsHair,MASSACHUSETTS,5
elise_gdn,WASHINGTON,5
elissaeubanks00,WASHINGTON,5
EliteBallerAb1,CALIFORNIA,5
Elizabe85727641,TEXAS,5
elizabeth027845,CALIFORNIA,5
ElizabethLundg1,FLORIDA,5
eliza_crouton,CALIFORNIA,5
eljuanguti02,WISCONSIN,5
elkie_14576,CALIFORNIA,5
EllaUndercover,CALIFORNIA,5
ellencollardmyp,CALIFORNIA,5
elleneschwartz,NEWYORK,5
EllenFarley13,FLORIDA,5
EllePastula,MASSACHUSETTS,5
ellieellie586,CALIFORNIA,5
Ellie_W89,MASSACHUSETTS,5
ellis_kevaughn7,GEORGIA,5
elmchoalfa,WISCONSIN,5
ElmsMansion,NORTHCAROLINA,5
ELODIE12345678,CALIFORNIA,5
eloisabacanto,WASHINGTON,5
eloisechaplinYP,CALIFORNIA,5
eloisedenti_,MASSACHUSETTS,5
eloise_hblt,WASHINGTON,5
EloyNeyens,WISCONSIN,5
ElsieMbatha,CALIFORNIA,5
ElysiaKrupp,CALIFORNIA,5
el_Luap,CALIFORNIA,5
El_Phenomenoo,WISCONSIN,5
El_Punisher,WISCONSIN,5
emadasghar,NEWYORK,5
EmAndEmz7,CALIFORNIA,5
EMCSwitzerland,CALIFORNIA,5
EmDawgMillion,CALIFORNIA,5
emehesz8,CALIFORNIA,5
EmelineVln,CALIFORNIA,5
EmergentSearch,CALIFORNIA,5
emeth007,NEWYORK,5
emibakes,CALIFORNIA,5
emileebake,CALIFORNIA,5
EmilioMateuJi,MASSACHUSETTS,5
emily14shelton,CALIFORNIA,5
emilyahelmuth,MASSACHUSETTS,5
emilyburchy,CALIFORNIA,5
EmilyFiggis,CALIFORNIA,5
emilyfstevens,CALIFORNIA,5
EmilyLoren3,CALIFORNIA,5
emilysanders2,WASHINGTON,5
EmilySimmonds93,CALIFORNIA,5
emilyslivinskii,WASHINGTON,5
emilyyjaimes,WISCONSIN,5
EmilyyMerino,WASHINGTON,5
Emily_BHR,CALIFORNIA,5
Emily_Mowder,CALIFORNIA,5
emleebakes,CALIFORNIA,5
emmacreasytime,MASSACHUSETTS,5
emmaholder,MASSACHUSETTS,5
EmmaJ_XPP,CALIFORNIA,5
EmmaKAugustine,CALIFORNIA,5
EmmaLederer,CALIFORNIA,5
emmam125,WISCONSIN,5
Emman_Great,WASHINGTON,5
EmmaSashaa,WASHINGTON,5
emmaskledar29,PENNSYLVANIA,5
emmers97,MASSACHUSETTS,5
emmettisjack,NEWYORK,5
emme_Mercy,NEWYORK,5
emmmafiore,WASHINGTON,5
emmyalter,MASSACHUSETTS,5
emmyleexpp,CALIFORNIA,5
emosbargo1,CALIFORNIA,5
emo_x_bunny,WISCONSIN,5
EmrahSoezener23,WISCONSIN,5
emrekrdg,WISCONSIN,5
emurphy7721,CALIFORNIA,5
Emy199O,WASHINGTON,5
Em_Em_pink,WISCONSIN,5
Em_the_potatoe,CALIFORNIA,5
Enaxn1,WASHINGTON,5
encantadamc,WISCONSIN,5
Enda_Mahatva,WASHINGTON,5
enduringdelilah,WASHINGTON,5
Engi9e,CALIFORNIA,5
engineeringppl,RHODE,5
enicarnangoi,WASHINGTON,5
enicar_,WASHINGTON,5
EnjaGuarda95,VIRGINIA,5
enjoihsu,WISCONSIN,5
enjoyyourwife,WISCONSIN,5
ennissean_,MASSACHUSETTS,5
EnockDejavu,RHODE,5
Enrichmarriages,WISCONSIN,5
EnriqueHuglin,NEWYORK,5
entremommy,CALIFORNIA,5
entropy_phi,MASSACHUSETTS,5
Environetics,NEWYORK,5
enzoflocchini,CALIFORNIA,5
EN_MSSTATE,CALIFORNIA,5
eotterman_,CALIFORNIA,5
EpiclyEpicJJ,WISCONSIN,5
ep_nola,CALIFORNIA,5
Erelcaroline,CALIFORNIA,5
erelline,MASSACHUSETTS,5
ericaajacks,WASHINGTON,5
EricaGeorge,MASSACHUSETTS,5
ericamendevil,NORTHCAROLINA,5
ericapglenn,CALIFORNIA,5
EricBlackIsHere,TENNESSEE,5
EricJMartin,GEORGIA,5
Ericksirali,CALIFORNIA,5
EricVonCountry,MASSACHUSETTS,5
ericwhatsnext,CALIFORNIA,5
ericzealani,NEWYORK,5
Eric_Alvin_,MASSACHUSETTS,5
ErikaHofacker7,WISCONSIN,5
erikastdavis,FLORIDA,5
erikljungphoto,WISCONSIN,5
erikneue,NORTHCAROLINA,5
erinkljones,MASSACHUSETTS,5
erinrooney12,CALIFORNIA,5
Erorentals,FLORIDA,5
Errorkoko,CALIFORNIA,5
eruptenn,CALIFORNIA,5
esacks7,CALIFORNIA,5
esa_uon,NORTHCAROLINA,5
escarey,WASHINGTON,5
EscobarClark,CALIFORNIA,5
EsDecancha,NEWYORK,5
eSolutions_Inc_,CALIFORNIA,5
espiotto,WISCONSIN,5
esquire_mike,NEWYORK,5
EssaH52,WISCONSIN,5
EstelleAbn,RHODE,5
Ester_jvita,RHODE,5
estheralsina,CALIFORNIA,5
Estherbrt,CALIFORNIA,5
ES_Chrizz,CALIFORNIA,5
ethacahyadi,WASHINGTON,5
ETKoconis,MASSACHUSETTS,5
eusou7a,CALIFORNIA,5
ev13volk,CALIFORNIA,5
EvanEvan75,CALIFORNIA,5
evangalin,GEORGIA,5
EvanMPeck,PENNSYLVANIA,5
Evan_Boyd412,PENNSYLVANIA,5
Evegg4,WISCONSIN,5
evenneman,NORTHCAROLINA,5
Evensg,MASSACHUSETTS,5
eventrealestate,CALIFORNIA,5
EventRental,NORTHCAROLINA,5
eve_kilel,NEWYORK,5
evie_ward1919,WISCONSIN,5
Evihui,WASHINGTON,5
EvilyNicole,CALIFORNIA,5
evilzug,CALIFORNIA,5
EvolvingGender,MASSACHUSETTS,5
EvVcCo,NEWYORK,5
EvyZenaida,MASSACHUSETTS,5
ExpatGenius,CALIFORNIA,5
ExpatPip,OHIO,5
Expat_Chat,CALIFORNIA,5
ExtonChamber,CALIFORNIA,5
ezchoi,NORTHCAROLINA,5
e_hubes,NEWJERSY,5
fa1zaI,CALIFORNIA,5
faabs_322,CALIFORNIA,5
Fabianes15,NEWYORK,5
FabianRealpe,MASSACHUSETTS,5
fabienne_Zre,WASHINGTON,5
facetofeet_ID,WASHINGTON,5
faheyauctions,NEWYORK,5
faine_goldman,NORTHCAROLINA,5
fairweatherfive,CALIFORNIA,5
fairygodmomma,CALIFORNIA,5
faisalkawar,NEWJERSY,5
fajariansyah,NEWJERSY,5
fakeb0yfriend,CALIFORNIA,5
fakeleerowley,WISCONSIN,5
FamilyBiznessTV,WISCONSIN,5
FamilyBuildersC,RHODE,5
FAN717,CALIFORNIA,5
FaniMutiaraa,NEWJERSY,5
FansOldDominion,WISCONSIN,5
FantasyNov4,WISCONSIN,5
Fares_Kakish,NEWJERSY,5
farlinalpha,CALIFORNIA,5
farmingmeme,CALIFORNIA,5
farmingtofeed,MISSOURI,5
FarmLeague,CALIFORNIA,5
fashionbymika,WASHINGTON,5
FatinaAlAhmad,NEWJERSY,5
fawnderful,CALIFORNIA,5
FayekAK,NEWJERSY,5
FBBM15,NEWJERSY,5
FBregman,CALIFORNIA,5
FBYBG_JAIR,NEWJERSY,5
fckyesmichelle,TEXAS,5
FDeLucia,NEWYORK,5
fdmathis819,WISCONSIN,5
fd_rico,NEWJERSY,5
FearTheBrown,LOUISIANA,5
Febriiyoga,NEWJERSY,5
FECTOK,NORTHCAROLINA,5
federmanestrada,MASSACHUSETTS,5
feinhilkia,MASSACHUSETTS,5
FelgenTweets,CALIFORNIA,5
feliciajmr7,WISCONSIN,5
FelixObora,NEWYORK,5
Felix_KSang,NEWYORK,5
femuria1,NORTHCAROLINA,5
Fernando_wulur,NEWJERSY,5
FertileUG,NEWYORK,5
FezProvidence,NEWYORK,5
fgortazar,MASSACHUSETTS,5
fiddi,CALIFORNIA,5
FifthHarmonia2,CALIFORNIA,5
Fifthharmony969,CALIFORNIA,5
fiftydornans,NEWJERSY,5
FightMuayThai,CALIFORNIA,5
Fight_Diary,NEWYORK,5
Film_diSpencer,CALIFORNIA,5
FinesseIM,CALIFORNIA,5
FireflyAmbiance,NEWJERSY,5
Firequill,CALIFORNIA,5
First5Assoc,CALIFORNIA,5
fishermanTINGO,WISCONSIN,5
FishingHuntingP,CALIFORNIA,5
FitnessMedico,WISCONSIN,5
FiveFoldIreland,CALIFORNIA,5
fjhr,MASSACHUSETTS,5
fjsmoove,CALIFORNIA,5
FJZavala,CALIFORNIA,5
flaniel,CALIFORNIA,5
FlanYAjo,NEWYORK,5
FlatRoofManor,CALIFORNIA,5
Flavie_Pinthon,NEWJERSY,5
fleurdecuers,CALIFORNIA,5
fleurgunn,CALIFORNIA,5
Floor336,NORTHCAROLINA,5
florencetaguba,WISCONSIN,5
FlorMaciel77,MISSOURI,5
flowerrgod,CALIFORNIA,5
flukeout,CALIFORNIA,5
fluttergame,MASSACHUSETTS,5
Flvckxo22,CALIFORNIA,5
flynnstone70,NEWJERSY,5
FOBA69,CALIFORNIA,5
FoodInstUofG,RHODE,5
foolhardyGames,CALIFORNIA,5
ForciPafo,CALIFORNIA,5
Foreclosure2Fab,WISCONSIN,5
ForeverSprayBae,CALIFORNIA,5
Forever_Works,WISCONSIN,5
FortWhoopUp,CALIFORNIA,5
ForzaBlues19,CALIFORNIA,5
fosisnorth,CALIFORNIA,5
FostersFreeForm,CALIFORNIA,5
fosterwblake,MINNESOTA,5
FOX5DESK,NEWYORK,5
fr0styjenn,VIRGINIA,5
FrancisCauffman,CALIFORNIA,5
FrankelMedia,GEORGIA,5
franklychilli,CALIFORNIA,5
FrazzyJazzy7,TEXAS,5
freddieinstein,NEWYORK,5
FrederickSFWong,CALIFORNIA,5
FrediDervis,WISCONSIN,5
FrediZohar,RHODE,5
Freelinked,NEWYORK,5
freeseDreams,CALIFORNIA,5
Freestyle_ZiNeZ,NEWJERSY,5
FreeVentures,CALIFORNIA,5
FremontRealty,TEXAS,5
FrenchRetailers,WISCONSIN,5
frexkish,CALIFORNIA,5
frickeradio,GEORGIA,5
fromallfields,NEWYORK,5
frosted_delight,WISCONSIN,5
FrostfireAudio,CALIFORNIA,5
fsambai,NEWYORK,5
fugee37,CALIFORNIA,5
funkyfield,CALIFORNIA,5
funkyj,CALIFORNIA,5
Funnelbox,OREGON,5
funnydanchopin,MISSOURI,5
furkantomasoglu,CALIFORNIA,5
FuturesSomerset,RHODE,5
FxSnipes,WISCONSIN,5
G0ATSHRINE,CALIFORNIA,5
gabbygilbert09,MASSACHUSETTS,5
GabMoBanks,TEXAS,5
GabrielCasiano1,CALIFORNIA,5
GabriellaBruno6,NEWJERSY,5
gabyderealpe,MASSACHUSETTS,5
gaellearssn,NEWJERSY,5
gaithertim,WISCONSIN,5
galarcon_m,NORTHCAROLINA,5
galestormKitsun,CALIFORNIA,5
GAlNSBOROUGH,CALIFORNIA,5
GalwayWarriors,GEORGIA,5
gambinosbakery,LOUISIANA,5
GameDevsofWelly,CALIFORNIA,5
GameMakingNews,CALIFORNIA,5
GamesWeekMelbs,CONNECTICUT,5
game_estates,CALIFORNIA,5
ganeshdeals,CALIFORNIA,5
GaranceRnr,NEWYORK,5
GarciaSharra,CALIFORNIA,5
Garcia_leon_,NEWJERSY,5
GaryBorowiec,NEWJERSY,5
garydwaechter,MASSACHUSETTS,5
garyjford1981,MASSACHUSETTS,5
GaryWhitcomb,WISCONSIN,5
GASTWESOsmanlee,NEWJERSY,5
gateway2science,MASSACHUSETTS,5
GatewayU_2016,CALIFORNIA,5
gathanlse,WISCONSIN,5
Gatrgal,FLORIDA,5
GaurikaBrijwal,CALIFORNIA,5
Gauthierlb_,RHODE,5
gavinhoops2,CALIFORNIA,5
GavinTanner,CALIFORNIA,5
gazpoole,CONNECTICUT,5
GBookerPR,GEORGIA,5
gbrown_gb23,CALIFORNIA,5
gearvrnews,NEWYORK,5
GearVR_us,CALIFORNIA,5
GeeUmboh,NEWJERSY,5
Gege97G,RHODE,5
GeisingerADMI,NEWJERSY,5
gemamataa,CALIFORNIA,5
Gemini_wife_mom,FLORIDA,5
Gemma_Lou_Lou,CALIFORNIA,5
Genestone,NEWYORK,5
Genmathenge3,NEWYORK,5
GenoAteTampa,FLORIDA,5
genocidexox,NEWYORK,5
GenomeFIRST,NEWJERSY,5
gentagInc,WASHINGTON,5
genuine_husband,FLORIDA,5
GeoffreyJames3,MASSACHUSETTS,5
geoffreyjwong,FLORIDA,5
GeoOptimization,MASSACHUSETTS,5
georgehsteele,NEWJERSY,5
GeorgeManiereg,NEWYORK,5
GeorScandalo,MASSACHUSETTS,5
Geraldine_Julie,CALIFORNIA,5
Geronimsxvi,CALIFORNIA,5
gerPs,NEWYORK,5
getfortawesome,MASSACHUSETTS,5
geudehradun,CALIFORNIA,5
GFCChris,FLORIDA,5
gfindley01,MASSACHUSETTS,5
GGlensol,MASSACHUSETTS,5
GharFinder1,CALIFORNIA,5
GHS_Gators,CALIFORNIA,5
giantblackdog,CALIFORNIA,5
GiantRobotKillr,CALIFORNIA,5
GiantSpider_MKE,WISCONSIN,5
gibbbaayyy,FLORIDA,5
gibbondemon,MASSACHUSETTS,5
GidionRembet,NEWJERSY,5
giggyy54,CALIFORNIA,5
gilferrersalon,NEWYORK,5
gilngalamsyah,FLORIDA,5
ginnyhamrick,NEWYORK,5
Giowithanio,NEWYORK,5
girby,NEWYORK,5
Giselasumarauw,NEWJERSY,5
giselleyygee,CALIFORNIA,5
GissethM_,FLORIDA,5
GithaKawengian,OHIO,5
GiuliBacchin,VIRGINIA,5
giveusasmile916,NEWJERSY,5
GJL67,CALIFORNIA,5
gkphotography1,LOUISIANA,5
glenglet,CALIFORNIA,5
glenn_natalie,RHODE,5
GlenStation,CALIFORNIA,5
glensutherland,FLORIDA,5
GlenTappi,MASSACHUSETTS,5
GlenwoodWildcat,WISCONSIN,5
glen_dowell,NEWYORK,5
GleycePatricio,FLORIDA,5
Glimmer_KKP,FLORIDA,5
gloriakhj,NEWYORK,5
GloriousTattoos,NEWJERSY,5
glossika,NEWJERSY,5
Glydetime_,CALIFORNIA,5
gmagoulis,FLORIDA,5
