02SarahM,CALIFORNIA,0
0a3430129c1b4f5,CALIFORNIA,0
0B_JuanKenobi,CALIFORNIA,0
0_Fuk_Given,CALIFORNIA,0
123KatC,CALIFORNIA,0
1399_saa,CALIFORNIA,0
13DiYaNkA,CALIFORNIA,0
14sbass,CALIFORNIA,0
15roneill,CALIFORNIA,0
28724m,CALIFORNIA,0
3DCRE,CALIFORNIA,0
3Four_Prod,CALIFORNIA,0
3min3m_lover,CALIFORNIA,0
5148a274fa86451,CALIFORNIA,0
5h2Wfh,CALIFORNIA,0
5sos_lover_33_,CALIFORNIA,0
6_boyce,CALIFORNIA,0
73Huntingdonsqn,CALIFORNIA,0
84213360,CALIFORNIA,0
8755745454,CALIFORNIA,0
8dfb4f5d646346b,CALIFORNIA,0
9never_any,CALIFORNIA,0
AadamSparkzz,CALIFORNIA,0
aahana_dhar,CALIFORNIA,0
AalexxxFoxwell,CALIFORNIA,0
aaronhiles,CALIFORNIA,0
aaron_e1294,CALIFORNIA,0
abbeybusche_,CALIFORNIA,0
abbeymclennon,CALIFORNIA,0
AbbeyRaeee2,CALIFORNIA,0
AbbyPerkins8,CALIFORNIA,0
ABC7JayE,CALIFORNIA,0
Abdi272,CALIFORNIA,0
abdullah_dawnak,CALIFORNIA,0
abhaynawani,CALIFORNIA,0
AbiReimold,CALIFORNIA,0
AblaKlaa,CALIFORNIA,0
absarokaa_wyo,CALIFORNIA,0
Abu_Kigab23,CALIFORNIA,0
AccordingtoDrew,CALIFORNIA,0
AcworthGAHomes,CALIFORNIA,0
ada914,CALIFORNIA,0
adomidom,CALIFORNIA,0
AdrianJulian,CALIFORNIA,0
AdvocateAPPNews,CALIFORNIA,0
AdvocateComRel,CALIFORNIA,0
AdvocateMegC,CALIFORNIA,0
AdvocateSystem,CALIFORNIA,0
AdyCakesLLC,CALIFORNIA,0
aeradio2015,CALIFORNIA,0
AeroBrennan,CALIFORNIA,0
aetcars,CALIFORNIA,0
AgentFenton,CALIFORNIA,0
AGMacRae,CALIFORNIA,0
agrarealestate,CALIFORNIA,0
AgronomyAdvntge,CALIFORNIA,0
agvthe,CALIFORNIA,0
agvthv,CALIFORNIA,0
AGWilsonn,CALIFORNIA,0
AHerrinHBR,CALIFORNIA,0
AHSanchez128,CALIFORNIA,0
AhsanKh31215445,CALIFORNIA,0
AimeeTay,CALIFORNIA,0
Ains_Organ,CALIFORNIA,0
aiyananana,CALIFORNIA,0
ajoycecasas,CALIFORNIA,0
akatz313,CALIFORNIA,0
aka_delboy,CALIFORNIA,0
akilalola444,CALIFORNIA,0
akshay1090,CALIFORNIA,0
akumu_stephen,CALIFORNIA,0
Al1shaK,CALIFORNIA,0
alainveuve,CALIFORNIA,0
albabynyr,CALIFORNIA,0
alberti47136988,CALIFORNIA,0
albertzace,CALIFORNIA,0
Aldair0605,CALIFORNIA,0
Ale0099,CALIFORNIA,0
AlecAustin,CALIFORNIA,0
aleeibuu,CALIFORNIA,0
alexarungah,CALIFORNIA,0
AlexFontana1995,CALIFORNIA,0
AlexGeeDee,CALIFORNIA,0
AlexGrindeland,WASHINGTON,0
AlexGuerrerj,CALIFORNIA,0
alexiselizabet,CALIFORNIA,0
alexisgracehigg,CALIFORNIA,0
alexismathison,CALIFORNIA,0
Alexis_Groht,CALIFORNIA,0
AlexKeenPhoto,CALIFORNIA,0
AlexRibenboim,CALIFORNIA,0
AlexSparbeck,CALIFORNIA,0
AlexYoungston,CALIFORNIA,0
Alex_06,CALIFORNIA,0
alex_gnoza,CALIFORNIA,0
Alex_Mayberry,CALIFORNIA,0
AliAliroper612,CALIFORNIA,0
alialvi,WASHINGTON,0
aliciadugan10,CALIFORNIA,0
alikennedy_,CALIFORNIA,0
aljastylison,CALIFORNIA,0
Allin_Training,CALIFORNIA,0
AllisonAbayay,CALIFORNIA,0
AllisonChorey,CALIFORNIA,0
allisondone,CALIFORNIA,0
AllisonJ5,CALIFORNIA,0
AllisonMuni,CALIFORNIA,0
allsportsdata,CALIFORNIA,0
allymventura,WASHINGTON,0
All_Greatness,CALIFORNIA,0
AlombossChollo,CALIFORNIA,0
AlphaPhiCSUSB,CALIFORNIA,0
AltitudeVF,CALIFORNIA,0
ALUSCanada,CALIFORNIA,0
AlyshaBadour,CALIFORNIA,0
alyson_huber,CALIFORNIA,0
alyssa_patience,CALIFORNIA,0
alyviaweston9,CALIFORNIA,0
amalthya,CALIFORNIA,0
amandaa_v1,CALIFORNIA,0
amaranthinegirl,WASHINGTON,0
amcaaron,CALIFORNIA,0
americalizethh,CALIFORNIA,0
amhfarm,CALIFORNIA,0
ammaral_zeer,CALIFORNIA,0
AMRealGirl,CALIFORNIA,0
AMS_Avionics,CALIFORNIA,0
amy_clari,CALIFORNIA,0
anacartur,CALIFORNIA,0
AnandamTV,CALIFORNIA,0
ANDJosiah8787,CALIFORNIA,0
AndreaShayLA,CALIFORNIA,0
AndreasLebihan,CALIFORNIA,0
andrewsargeant,CALIFORNIA,0
AndruwWittels,CALIFORNIA,0
andyrtd,CALIFORNIA,0
andysatnz,CALIFORNIA,0
anesbit1,CALIFORNIA,0
angelicasemidei,CALIFORNIA,0
AngeliMarcline,CALIFORNIA,0
Angielee_vr,CALIFORNIA,0
angies1564,CALIFORNIA,0
Anja66T,CALIFORNIA,0
AnmolSingh1110,CALIFORNIA,0
annaamyerss,CALIFORNIA,0
annaeliz33,CALIFORNIA,0
AnnaSnapp91,CALIFORNIA,0
anna_catrin97,CALIFORNIA,0
Annette34News,CALIFORNIA,0
annikachurchh,CALIFORNIA,0
annmurdesign,CALIFORNIA,0
annmwonjo,CALIFORNIA,0
ANRoth23,CALIFORNIA,0
anshuman_x,CALIFORNIA,0
AnsleyGordon,CALIFORNIA,0
antarcticdinos,CALIFORNIA,0
antb00g13,CALIFORNIA,0
AntjevG,CALIFORNIA,0
Antydogmatyk,CALIFORNIA,0
anyanildefonso,CALIFORNIA,0
anyonaalex,CALIFORNIA,0
Aparna160,CALIFORNIA,0
AplisoSA,CALIFORNIA,0
AppsterTeam,CALIFORNIA,0
araasalinas,CALIFORNIA,0
AranoKj,CALIFORNIA,0
ArcherBuchanan,CALIFORNIA,0
ArchieGameDev,CALIFORNIA,0
areagujarat,CALIFORNIA,0
area_maha,CALIFORNIA,0
Arianajoven,CALIFORNIA,0
ArianaKay_lor,CALIFORNIA,0
arichards75,CALIFORNIA,0
arjhinton,CALIFORNIA,0
Artin__22,CALIFORNIA,0
ArtisticRite,CALIFORNIA,0
ArtOfMaquenda,CALIFORNIA,0
ArtofSekhmet,CALIFORNIA,0
ArtsInRI,CALIFORNIA,0
Arushi_Rawat,CALIFORNIA,0
ASFInfra,CALIFORNIA,0
ashaonthebeach,CALIFORNIA,0
AshaSociety,CALIFORNIA,0
AshesRse,CALIFORNIA,0
ashhhhtonx,CALIFORNIA,0
ashiech,CALIFORNIA,0
AshishMBakshi,CALIFORNIA,0
Ashleydalopz,CALIFORNIA,0
ashleymarie5693,CALIFORNIA,0
AshleyTryba,CALIFORNIA,0
Ashley_M54579,CALIFORNIA,0
ashlynn_colon,CALIFORNIA,0
asmidgin,CALIFORNIA,0
Assassin_115,CALIFORNIA,0
asu_kalekye,CALIFORNIA,0
aswin8783,CALIFORNIA,0
asydrayn,CALIFORNIA,0
ateful,CALIFORNIA,0
AthenaBME,CALIFORNIA,0
athinapechliva2,CALIFORNIA,0
AtorSeri,CALIFORNIA,0
atouchof_grace,CALIFORNIA,0
AtrealJohnny,CALIFORNIA,0
aubreeyyy,CALIFORNIA,0
AudeRlx,CALIFORNIA,0
AudzWrightYPR,CALIFORNIA,0
austinm124,CALIFORNIA,0
AustinSwinimer,CALIFORNIA,0
AutumnSansaver,CALIFORNIA,0
Avdeshzameen,CALIFORNIA,0
AverilBohlens,NORTHDAKOTA,0
avkashchauhan,CALIFORNIA,0
avoge21,CALIFORNIA,0
AWal55,CALIFORNIA,0
AWilsoonn,CALIFORNIA,0
awrightwhitley,CALIFORNIA,0
Axelpult,CALIFORNIA,0
Axel_0197,CALIFORNIA,0
ayeeenando,CALIFORNIA,0
AyeeeYouu,CALIFORNIA,0
ayee_ciearra,CALIFORNIA,0
ayminchet,CALIFORNIA,0
Ayusaa_2012,CALIFORNIA,0
ayushmankuriyal,CALIFORNIA,0
AyyoHutto,CALIFORNIA,0
a_paranjpye,CALIFORNIA,0
a_sis62,CALIFORNIA,0
babesband,CALIFORNIA,0
babpreetika,CALIFORNIA,0
babyyjohnnie,CALIFORNIA,0
BaconRules123,CALIFORNIA,0
baepsehun,CALIFORNIA,0
BaidManisha,CALIFORNIA,0
BaileyBooper,CALIFORNIA,0
bakerboy92,CALIFORNIA,0
BakersfieldRPM,CALIFORNIA,0
Ballislifee_5,CALIFORNIA,0
baltej7,WASHINGTON,0
BananaSalazar,CALIFORNIA,0
BankingSmallBz,CALIFORNIA,0
barbajulz,CALIFORNIA,0
barbie_jalo,CALIFORNIA,0
barrycoltham,CALIFORNIA,0
BartlettGrill,CALIFORNIA,0
BartvanEijden,CALIFORNIA,0
bary__meth,CALIFORNIA,0
basicallyklynn,CALIFORNIA,0
bbhre,CALIFORNIA,0
becca_xpp,CALIFORNIA,0
becker_murray,CALIFORNIA,0
BeckMinus,CALIFORNIA,0
beesleys1,CALIFORNIA,0
Beezinland360,CALIFORNIA,0
BEHallABC,CALIFORNIA,0
Belieber12272,CALIFORNIA,0
BellaFilmsNola,CALIFORNIA,0
BenBeech22,CALIFORNIA,0
BenLeech2,CALIFORNIA,0
benregez,CALIFORNIA,0
BenRoberts07,CALIFORNIA,0
benrosen1,CALIFORNIA,0
ben_batt,CALIFORNIA,0
Bernmeisternola,CALIFORNIA,0
BerteroSindaco,CALIFORNIA,0
betterhealth_CA,CALIFORNIA,0
beyondchance37,CALIFORNIA,0
bfall1523,CALIFORNIA,0
BhekumuziGumede,CALIFORNIA,0
BHPTeam,CALIFORNIA,0
bhrioni,CALIFORNIA,0
BigEasyLofton,CALIFORNIA,0
bigrickirvin,CALIFORNIA,0
BigSap32,CALIFORNIA,0
BigT_90,CALIFORNIA,0
BikeChesterCo,CALIFORNIA,0
bikerushownzz,CALIFORNIA,0
BillCollard1,CALIFORNIA,0
billfathers,CALIFORNIA,0
BillKir33578576,CALIFORNIA,0
BillOwnz,CALIFORNIA,0
binaryworker,CALIFORNIA,0
BiowithGoora,CALIFORNIA,0
BirdCageTaunton,CALIFORNIA,0
bisongruppe,CALIFORNIA,0
bitesize17,CALIFORNIA,0
BKichinko65,CALIFORNIA,0
BlackHillsVinyl,CALIFORNIA,0
BlackLocustL,CALIFORNIA,0
blackstonephoto,CALIFORNIA,0
bladrcntrl101,CALIFORNIA,0
blaircrawford2,CALIFORNIA,0
blakesabol,CALIFORNIA,0
Blattahali,CALIFORNIA,0
Blk_Mamba20,CALIFORNIA,0
blockpocalypse,CALIFORNIA,0
blueskiesnola,CALIFORNIA,0
boinelle_romain,CALIFORNIA,0
bokeh88,CALIFORNIA,0
bonganinhlapo17,CALIFORNIA,0
BonnieBRandall,CALIFORNIA,0
BonnieeKiedis,CALIFORNIA,0
booobear_14,CALIFORNIA,0
bossichic,CALIFORNIA,0
BottJody,CALIFORNIA,0
bozzelli_carmen,CALIFORNIA,0
BradRigoulot,CALIFORNIA,0
BrainGig,CALIFORNIA,0
brandonkenyon55,CALIFORNIA,0
brandyp464,CALIFORNIA,0
BravoRIPhil,CALIFORNIA,0
breannalefneski,CALIFORNIA,0
BrianaBQuinn,CALIFORNIA,0
BrianDiSab,CALIFORNIA,0
BriannaCommo,CALIFORNIA,0
Bridgenti,CALIFORNIA,0
Brigi68,CALIFORNIA,0
britishteal,CALIFORNIA,0
BrittanyAnn610,CALIFORNIA,0
BroadRunGC,CALIFORNIA,0
BroadStreetLine,CALIFORNIA,0
BrothaLuke,CALIFORNIA,0
brrizzzzle,CALIFORNIA,0
BruneParkSchool,CALIFORNIA,0
BrushTuArt,CALIFORNIA,0
brusomogyi,CALIFORNIA,0
BryanLucious,WASHINGTON,0
bryharrell,CALIFORNIA,0
brylovell,CALIFORNIA,0
bseabolt33,CALIFORNIA,0
bsitwesley,CALIFORNIA,0
BTLightbody,CALIFORNIA,0
BttbBoosterRon,CALIFORNIA,0
Bugaloopeb,CALIFORNIA,0
BuildStrongUSA,CALIFORNIA,0
BuiltbyFlaws,CALIFORNIA,0
bujdosoisaiah,CALIFORNIA,0
bunnywithsign,CALIFORNIA,0
burhanaldroubi,CALIFORNIA,0
BurnsGrp,CALIFORNIA,0
BuyFilipino,CALIFORNIA,0
BWalloch,CALIFORNIA,0
CaaptainMorgann,CALIFORNIA,0
cadeditz,WASHINGTON,0
CAHSAHUpdates,CALIFORNIA,0
caileydanielle,CALIFORNIA,0
CaitlynShmatlyn,CALIFORNIA,0
calanmoore,CALIFORNIA,0
CalebLehman13,CALIFORNIA,0
Callarda,CALIFORNIA,0
CalnTownship,CALIFORNIA,0
camerie8,CALIFORNIA,0
Cameronkyle03,CALIFORNIA,0
CamsZA,CALIFORNIA,0
CandieW,CALIFORNIA,0
CandyCrush1999,CALIFORNIA,0
CanneryNOLA,CALIFORNIA,0
caocosmetics,CALIFORNIA,0
capasul,CALIFORNIA,0
CAPHigherEd,WASHINGTON,0
CapsLockSam,CALIFORNIA,0
CaraidArt,CALIFORNIA,0
CareBoundless,WASHINGTON,0
CaregiversA,WASHINGTON,0
CareVoyantHC,WASHINGTON,0
CARLABsocial,CALIFORNIA,0
carlojanea,WASHINGTON,0
carlos_molina67,CALIFORNIA,0
Carlos_Vivaldo,CALIFORNIA,0
CarlyBlanchett,CALIFORNIA,0
carmsbebs,WASHINGTON,0
carollinvieira,CALIFORNIA,0
carolyncomitta,CALIFORNIA,0
CarrickKnights,CALIFORNIA,0
carriefowlerea,CALIFORNIA,0
carslayy,WASHINGTON,0
CaseyMein,CALIFORNIA,0
caseythomas97,CALIFORNIA,0
CasperDeWinter,CALIFORNIA,0
CassandraDowell,CALIFORNIA,0
Cassandra_Lucci,CALIFORNIA,0
castrosprodigy,CALIFORNIA,0
CaswalP,CALIFORNIA,0
CatherineKing10,CALIFORNIA,0
CatriceTeira,CALIFORNIA,0
CavsQStix,CALIFORNIA,0
CBGphotos,CALIFORNIA,0
ccgreen99,CALIFORNIA,0
CCMVjVeriyan,CALIFORNIA,0
CCSaloon,CALIFORNIA,0
cdean18,CALIFORNIA,0
ce6874,CALIFORNIA,0
Cell_met,CALIFORNIA,0
CenterHealthGov,CALIFORNIA,0
cesuleth,CALIFORNIA,0
cgriffrun,CALIFORNIA,0
chachkidaily,WASHINGTON,0
chadbrennan17,CALIFORNIA,0
ChadHolzer,CALIFORNIA,0
chairmandances,CALIFORNIA,0
Challyadds,CALIFORNIA,1
ChanceMaciolek,CALIFORNIA,1
ChanningsMuva,CALIFORNIA,1
chansubits,CALIFORNIA,1
CHAP_Inc,WASHINGTON,1
charlesgravett1,CALIFORNIA,1
CharlesLeblic,WASHINGTON,1
CharlieCaslick,CALIFORNIA,1
charlottemlld,CALIFORNIA,1
CharlvdMerwe,CALIFORNIA,1
chatellucile,CALIFORNIA,1
chawesomegirl8,CALIFORNIA,1
cha_lcs,CALIFORNIA,1
cheesekaehmm,WASHINGTON,1
ChefDerekQ,CALIFORNIA,1
ChefEstie,CALIFORNIA,1
ChefJaeclyn,CALIFORNIA,1
ChefJJ_TX,CALIFORNIA,1
ChefWithPen,CALIFORNIA,1
chef_amaya,CALIFORNIA,1
Chef_Kaitlyn,CALIFORNIA,1
ChelseyTLowe,CALIFORNIA,1
Chemical_spirit,CALIFORNIA,1
ChenShenKim,WASHINGTON,1
CherrelJacobs,CALIFORNIA,1
ChesCoDems,CALIFORNIA,1
ChesCoLibrary,CALIFORNIA,1
ChescoVictory10,CALIFORNIA,1
chiarullinick,WASHINGTON,1
ChielBecker,CALIFORNIA,1
Chikkymo,CALIFORNIA,1
ChilbertArenas,CALIFORNIA,1
ChillieChill,CALIFORNIA,1
chinchilla_206,CALIFORNIA,1
ChitrapJoshi,CALIFORNIA,1
chixx_09,WASHINGTON,1
chiyessa,WASHINGTON,1
ChloDreww,CALIFORNIA,1
chloe_camxxx,CALIFORNIA,1
choi_nom0222,WASHINGTON,1
chreko,CALIFORNIA,1
ChrisCovone,CALIFORNIA,1
chrisketels,CALIFORNIA,1
ChrisStradling,CALIFORNIA,1
ChrissyFromPDX,CALIFORNIA,1
ChrissySparks4,CALIFORNIA,1
christhinksthis,CALIFORNIA,1
christydelregno,CALIFORNIA,1
ChronicMarriage,CALIFORNIA,1
CiaraSibbick,CALIFORNIA,1
CindyDC_,WASHINGTON,1
Cindy_Nagel,CALIFORNIA,1
CinsAngel42,CALIFORNIA,1
citou1rapper,CALIFORNIA,1
CitrusFoam,CALIFORNIA,1
cjohndeakin,CALIFORNIA,1
Cjones11x,CALIFORNIA,1
CJSTrey35,CALIFORNIA,1
cj_barrett15,WASHINGTON,1
ckirmizitas,CALIFORNIA,1
ClaireyFiler,CALIFORNIA,1
clapdoor,CALIFORNIA,1
ClaussenFarmer,CALIFORNIA,1
ClementFroger,WASHINGTON,1
ClemonsJocelyn,CALIFORNIA,1
Clem_frg,WASHINGTON,1
clesemartin,WASHINGTON,1
ClickClique,CALIFORNIA,1
CliveV1,CALIFORNIA,1
ClothandJustice,CALIFORNIA,1
CloverCoin,NORTHDAKOTA,1
clvicik,CALIFORNIA,1
clydesdalefilly,CALIFORNIA,1
CMARDLeth,CALIFORNIA,1
cncfeed,CALIFORNIA,1
CNCNZcom,CALIFORNIA,1
cndyvo,CALIFORNIA,1
cnewell15,CALIFORNIA,1
CNNLADESK,CALIFORNIA,1
coachbmcknight,CALIFORNIA,1
coachdonowilson,CALIFORNIA,1
coachkscarlett,CALIFORNIA,1
CoachLilisa,CALIFORNIA,1
Coach_Fadi,WASHINGTON,1
Coatesville_Ed,CALIFORNIA,1
CodedInColch,CALIFORNIA,1
Cody6860,WASHINGTON,1
codybigsexy1,WASHINGTON,1
CodyMunn_14,CALIFORNIA,1
cohenj92,WASHINGTON,1
COHospitalAssn,CALIFORNIA,1
colbywallace5,CALIFORNIA,1
ColdironCassie,CALIFORNIA,1
ColeEshelman,WASHINGTON,1
ColeMalouin,CALIFORNIA,1
ColeShortliffe,CALIFORNIA,1
collay26,CALIFORNIA,1
colonyfm,CALIFORNIA,1
Colourworks_ZA,CALIFORNIA,1
ComicSansWords,CALIFORNIA,1
Community_Magic,CALIFORNIA,1
comtelza,CALIFORNIA,1
conan4363,CALIFORNIA,1
connoc23,CALIFORNIA,1
Connocat,CALIFORNIA,1
ConnollyBrooke,CALIFORNIA,1
Conn_J_Will,CALIFORNIA,1
Consigli1Di,WASHINGTON,1
Consumablessafe,CALIFORNIA,1
ConsumerRES,CALIFORNIA,1
ContinuLink,CALIFORNIA,1
ConversaLifetim,WASHINGTON,1
cool_boyZ_27,CALIFORNIA,1
coopercomputer,CALIFORNIA,1
Cordell_Carl,WASHINGTON,1
corentinandrea,CALIFORNIA,1
Coren_Tin,CALIFORNIA,1
cosby_aubrie,CALIFORNIA,1
CosciaMoosArch,CALIFORNIA,1
CouncilOfFools,CALIFORNIA,1
CountyGazetteEd,CALIFORNIA,1
CoyoteLuckArt,WASHINGTON,1
cpeters97,CALIFORNIA,1
cpickensNYC,CALIFORNIA,1
CPoTweetsStuff,CALIFORNIA,1
craigmoses14,CALIFORNIA,1
CraigPeebles,CALIFORNIA,1
craig_ctucker,CALIFORNIA,1
CrazyBlue,CALIFORNIA,1
CrepeWizard,CALIFORNIA,1
CrestronInt_MKT,CALIFORNIA,1
Crevy_Evy,CALIFORNIA,1
CREW_Philly,CALIFORNIA,1
Cribit_Taylor,CALIFORNIA,1
CRissaGK,CALIFORNIA,1
crisssy_xoxo,CALIFORNIA,1
cristia66166705,CALIFORNIA,1
cri_tique,CALIFORNIA,1
CRMFundMachiner,CALIFORNIA,1
crowdedworlds,CALIFORNIA,1
crthorsen,CALIFORNIA,1
CrushtheRobot,CALIFORNIA,1
crystalheart31,CALIFORNIA,1
crzydemona,CALIFORNIA,1
CTKerchner,CALIFORNIA,1
CUKPublicLife,CALIFORNIA,1
culiquip,CALIFORNIA,1
CupidRunCLE,CALIFORNIA,1
CuppersCoffee,CALIFORNIA,1
Curls4_ThaGurls,CALIFORNIA,1
cutee_sidharth,CALIFORNIA,1
cuteri22,CALIFORNIA,1
cuttie_annryl,WASHINGTON,1
cw_venkatrangan,CALIFORNIA,1
czerpak_,CALIFORNIA,1
c_alexandra03,CALIFORNIA,1
c_seneca,CALIFORNIA,1
D10Athletics,CALIFORNIA,1
d4v3g,CALIFORNIA,1
d869115a00354ba,CALIFORNIA,1
daftgula,CALIFORNIA,1
dailyfor69,CALIFORNIA,1
Dakota_Roice206,CALIFORNIA,1
dalasaoudi,WASHINGTON,1
daldridgecsn,WASHINGTON,1
dale_scoc,CALIFORNIA,1
Dalia_bm,WASHINGTON,1
dallas22texas,CALIFORNIA,1
Dallasx06,CALIFORNIA,1
DALUX_,CALIFORNIA,1
DanaAbdeen_,WASHINGTON,1
Dananoel17,CALIFORNIA,1
Danbharathy,CALIFORNIA,1
DancunAwitty,CALIFORNIA,1
dane_dub,CALIFORNIA,1
DANGERMAN57,CALIFORNIA,1
DaniaIstaitie,WASHINGTON,1
daniellenasuti,CALIFORNIA,1
DanielMallia,CALIFORNIA,1
danielmonty2,CALIFORNIA,1
daniraee,CALIFORNIA,1
DaniSrVendetta,WASHINGTON,1
dannie_brookee,CALIFORNIA,1
dansavage_art,WASHINGTON,1
dantestrading,CALIFORNIA,1
dantilstra,NEVADA,1
danyk395,CALIFORNIA,1
DarkNessie2,CALIFORNIA,1
DarkRoux,WASHINGTON,1
DarleneHebert,CALIFORNIA,1
DarlinMartor,CALIFORNIA,1
DaveMAdams,CALIFORNIA,1
davepollackjazz,CALIFORNIA,1
davesworld57,CALIFORNIA,1
DaveyOil,WASHINGTON,1
daviddring,CALIFORNIA,1
davidkyang,CALIFORNIA,1
DavidWoolley3,CALIFORNIA,1
David_Lehr,CALIFORNIA,1
david_macmurchy,CALIFORNIA,1
DavisJamie77,WASHINGTON,1
DavzFavz,CALIFORNIA,1
DawnBlackRose,CALIFORNIA,1
DawnDiva13,CALIFORNIA,1
dawnr48,CALIFORNIA,1
DawoodEngineers,CALIFORNIA,1
DawoodHussain1,CALIFORNIA,1
DAYOCONNOLLY,CALIFORNIA,1
Dazzumbledor,CALIFORNIA,1
Da_SNUMack369,CALIFORNIA,1
DBalj,WASHINGTON,1
dbao,CALIFORNIA,1
dchistorydept,CALIFORNIA,1
ddyahsuci,WASHINGTON,1
ddyYue,WASHINGTON,1
DeathOverDecaf,CALIFORNIA,1
DebbieOlsen01,CALIFORNIA,1
Debbypradianto,WASHINGTON,1
DeborahSills,WASHINGTON,1
DeboraMykoluk,CALIFORNIA,1
Dedxz,CALIFORNIA,1
deemaritz,CALIFORNIA,1
deepikadharnaik,CALIFORNIA,1
deepitome2015,CALIFORNIA,1
Degrazy,CALIFORNIA,1
dejesussteven11,CALIFORNIA,1
DelaneyGerhart,CALIFORNIA,1
delhighar,CALIFORNIA,1
DelhiNoidaProp,CALIFORNIA,1
DeltaTIgroup,CALIFORNIA,1
dens_milly,CALIFORNIA,1
derekalvarado50,CALIFORNIA,1
DerekCompeau,CALIFORNIA,1
deste24,CALIFORNIA,1
DetroitComics,CALIFORNIA,1
deVereMalaysia,CALIFORNIA,1
DeviBrigard,CALIFORNIA,1
devita180,CALIFORNIA,1
DeviTenges,CALIFORNIA,1
Devon_Digital,CALIFORNIA,1
DexterLabP,CALIFORNIA,1
DGalente,CALIFORNIA,1
DiabloLeveling,CALIFORNIA,1
dianaaavee,CALIFORNIA,1
diane196030,CALIFORNIA,1
dianejenflores,CALIFORNIA,1
dianerule,CALIFORNIA,1
DianneYanda,CALIFORNIA,1
diaralkaldy,CALIFORNIA,1
diegomontes16,CALIFORNIA,1
digitalmaximal,CALIFORNIA,1
DigitalPlymouth,CALIFORNIA,1
dillelicious,WASHINGTON,1
DimeStudios,CALIFORNIA,1
DinaKawar1,WASHINGTON,1
Dindamdr,WASHINGTON,1
DisabledKevin,CALIFORNIA,1
DiscoverItHere,CALIFORNIA,1
DisruptionAlert,CALIFORNIA,1
DitaBelaPutri,WASHINGTON,1
Djaaaaayy,CALIFORNIA,1
DJAFothergill,CALIFORNIA,1
djeazy55,CALIFORNIA,1
DjGrasshole,WASHINGTON,1
djitallkenya,CALIFORNIA,1
DJMNE1,CALIFORNIA,1
djpowers25,WASHINGTON,1
dkdyosa,WASHINGTON,1
DKornetti,WASHINGTON,1
DMarketHall,CALIFORNIA,1
DMenefeeLibey,CALIFORNIA,1
dmoses90,CALIFORNIA,1
Dnae_Marie,CALIFORNIA,1
docarsenic,CALIFORNIA,1
docligot,CALIFORNIA,1
DocRickMarsha1,CALIFORNIA,1
dodeene,WASHINGTON,1
DohaBen,CALIFORNIA,1
DohaExpatsInfo,CALIFORNIA,1
dominicguyot,WASHINGTON,1
DominosTaunton,CALIFORNIA,1
DomPRaven,CALIFORNIA,1
DonBaney111,CALIFORNIA,1
dongman_81,WASHINGTON,1
DonLunn,CALIFORNIA,1
DonnieWark,CALIFORNIA,1
dontstalkme800,CALIFORNIA,1
DoranSummers,CALIFORNIA,1
doriane_hdr,WASHINGTON,1
doruntinakozhan,CALIFORNIA,1
dottieevans14,CALIFORNIA,1
Doublelobe7,CALIFORNIA,1
Dougie_412_,CALIFORNIA,1
DPurcell17,CALIFORNIA,1
dp_mindoktor,CALIFORNIA,1
DQstarterpacks,WASHINGTON,1
DrCurlytek,CALIFORNIA,1
DreamFoxStudio,WASHINGTON,1
dremer_zee,CALIFORNIA,1
driesDP,CALIFORNIA,1
DripDropSA,CALIFORNIA,1
dsantos913,WASHINGTON,1
dsholler,CALIFORNIA,1
DSPCSUSB,CALIFORNIA,1
dssc36,WASHINGTON,1
dtadgh,CALIFORNIA,1
dthompson01,CALIFORNIA,1
dts_designs,CALIFORNIA,1
dubcnews,CALIFORNIA,1
DublinDragons,CALIFORNIA,1
DublinVipers,CALIFORNIA,1
Duncan_Bramwell,CALIFORNIA,1
dushiness,CALIFORNIA,1
dylanswallet,WASHINGTON,1
Dylan_Weiding_,CALIFORNIA,1
D_and_J1,CALIFORNIA,1
D_ENGEL000,CALIFORNIA,1
D_Russ115,CALIFORNIA,1
eagano,CALIFORNIA,1
EanDunn,CALIFORNIA,1
EastJesusArt,CALIFORNIA,1
east_goshen,CALIFORNIA,1
easybuilder_in,CALIFORNIA,1
ebrahiem_adams,CALIFORNIA,1
ebrianhughes,HAWAII,1
echapmanb,CALIFORNIA,1
ECHOcastsKrieg,CALIFORNIA,1
EdBiden,CALIFORNIA,1
edennigeria,CALIFORNIA,1
EDiConsiglio,WASHINGTON,1
edogeka,WASHINGTON,1
Edo_DAle,CALIFORNIA,1
Eduardo_J_Gomez,CALIFORNIA,1
EduTisha,CALIFORNIA,1
EecoValley,CALIFORNIA,1
EelButt,CALIFORNIA,1
Eeoor,CALIFORNIA,1
efirenzaputra,CALIFORNIA,1
ehardy_123,CALIFORNIA,1
ehdzxcvbnm,CALIFORNIA,1
ejm3d,CALIFORNIA,1
eKamineth,CALIFORNIA,1
Ekey_027,WASHINGTON,1
ekkosecurity,CALIFORNIA,1
ekston,CALIFORNIA,1
ElementalSpirit,CALIFORNIA,1
elise_gdn,WASHINGTON,1
elissaeubanks00,WASHINGTON,1
EliteBallerAb1,CALIFORNIA,1
elizabeth027845,CALIFORNIA,1
eliza_crouton,CALIFORNIA,1
elkie_14576,CALIFORNIA,1
EllaUndercover,CALIFORNIA,1
ellencollardmyp,CALIFORNIA,1
ellieellie586,CALIFORNIA,1
ELODIE12345678,CALIFORNIA,1
eloisabacanto,WASHINGTON,1
eloisechaplinYP,CALIFORNIA,1
eloise_hblt,WASHINGTON,1
ElsieMbatha,CALIFORNIA,1
ElysiaKrupp,CALIFORNIA,1
el_Luap,CALIFORNIA,1
EmAndEmz7,CALIFORNIA,1
EMCSwitzerland,CALIFORNIA,1
EmDawgMillion,CALIFORNIA,1
emehesz8,CALIFORNIA,1
EmelineVln,CALIFORNIA,1
EmergentSearch,CALIFORNIA,1
emibakes,CALIFORNIA,1
emileebake,CALIFORNIA,1
emily14shelton,CALIFORNIA,1
emilyburchy,CALIFORNIA,1
EmilyFiggis,CALIFORNIA,1
emilyfstevens,CALIFORNIA,1
EmilyLoren3,CALIFORNIA,1
emilysanders2,WASHINGTON,1
EmilySimmonds93,CALIFORNIA,1
emilyslivinskii,WASHINGTON,1
EmilyyMerino,WASHINGTON,1
Emily_BHR,CALIFORNIA,1
Emily_Mowder,CALIFORNIA,1
emleebakes,CALIFORNIA,1
EmmaJ_XPP,CALIFORNIA,1
EmmaKAugustine,CALIFORNIA,1
EmmaLederer,CALIFORNIA,1
Emman_Great,WASHINGTON,1
EmmaSashaa,WASHINGTON,1
emmmafiore,WASHINGTON,1
emmyleexpp,CALIFORNIA,1
emosbargo1,CALIFORNIA,1
emurphy7721,CALIFORNIA,1
Emy199O,WASHINGTON,1
Em_the_potatoe,CALIFORNIA,1
Enaxn1,WASHINGTON,1
Enda_Mahatva,WASHINGTON,1
enduringdelilah,WASHINGTON,1
Engi9e,CALIFORNIA,1
enicarnangoi,WASHINGTON,1
enicar_,WASHINGTON,1
entremommy,CALIFORNIA,1
enzoflocchini,CALIFORNIA,2
EN_MSSTATE,CALIFORNIA,2
eotterman_,CALIFORNIA,2
ep_nola,CALIFORNIA,2
Erelcaroline,CALIFORNIA,2
ericaajacks,WASHINGTON,2
ericapglenn,CALIFORNIA,2
Ericksirali,CALIFORNIA,2
ericwhatsnext,CALIFORNIA,2
erinrooney12,CALIFORNIA,2
Errorkoko,CALIFORNIA,2
eruptenn,CALIFORNIA,2
esacks7,CALIFORNIA,2
escarey,WASHINGTON,2
EscobarClark,CALIFORNIA,2
eSolutions_Inc_,CALIFORNIA,2
estheralsina,CALIFORNIA,2
Estherbrt,CALIFORNIA,2
ES_Chrizz,CALIFORNIA,2
ethacahyadi,WASHINGTON,2
eusou7a,CALIFORNIA,2
ev13volk,CALIFORNIA,2
EvanEvan75,CALIFORNIA,2
eventrealestate,CALIFORNIA,2
Evihui,WASHINGTON,2
EvilyNicole,CALIFORNIA,2
evilzug,CALIFORNIA,2
ExpatGenius,CALIFORNIA,2
Expat_Chat,CALIFORNIA,2
ExtonChamber,CALIFORNIA,2
fa1zaI,CALIFORNIA,2
faabs_322,CALIFORNIA,2
fabienne_Zre,WASHINGTON,2
facetofeet_ID,WASHINGTON,2
fairweatherfive,CALIFORNIA,2
fairygodmomma,CALIFORNIA,2
fakeb0yfriend,CALIFORNIA,2
FAN717,CALIFORNIA,2
farlinalpha,CALIFORNIA,2
farmingmeme,CALIFORNIA,2
FarmLeague,CALIFORNIA,2
fashionbymika,WASHINGTON,2
fawnderful,CALIFORNIA,2
FBregman,CALIFORNIA,2
FelgenTweets,CALIFORNIA,2
fiddi,CALIFORNIA,2
FifthHarmonia2,CALIFORNIA,2
Fifthharmony969,CALIFORNIA,2
FightMuayThai,CALIFORNIA,2
Film_diSpencer,CALIFORNIA,2
FinesseIM,CALIFORNIA,2
Firequill,CALIFORNIA,2
First5Assoc,CALIFORNIA,2
FishingHuntingP,CALIFORNIA,2
FiveFoldIreland,CALIFORNIA,2
fjsmoove,CALIFORNIA,2
FJZavala,CALIFORNIA,2
flaniel,CALIFORNIA,2
FlatRoofManor,CALIFORNIA,2
fleurdecuers,CALIFORNIA,2
fleurgunn,CALIFORNIA,2
flowerrgod,CALIFORNIA,2
flukeout,CALIFORNIA,2
Flvckxo22,CALIFORNIA,2
FOBA69,CALIFORNIA,2
foolhardyGames,CALIFORNIA,2
ForciPafo,CALIFORNIA,2
ForeverSprayBae,CALIFORNIA,2
FortWhoopUp,CALIFORNIA,2
ForzaBlues19,CALIFORNIA,2
fosisnorth,CALIFORNIA,2
FostersFreeForm,CALIFORNIA,2
FrancisCauffman,CALIFORNIA,2
franklychilli,CALIFORNIA,2
FrederickSFWong,CALIFORNIA,2
freeseDreams,CALIFORNIA,2
FreeVentures,CALIFORNIA,2
frexkish,CALIFORNIA,2
FrostfireAudio,CALIFORNIA,2
fugee37,CALIFORNIA,2
funkyfield,CALIFORNIA,2
funkyj,CALIFORNIA,2
Funnelbox,OREGON,2
furkantomasoglu,CALIFORNIA,2
G0ATSHRINE,CALIFORNIA,2
GabrielCasiano1,CALIFORNIA,2
galestormKitsun,CALIFORNIA,2
GAlNSBOROUGH,CALIFORNIA,2
GameDevsofWelly,CALIFORNIA,2
GameMakingNews,CALIFORNIA,2
game_estates,CALIFORNIA,2
ganeshdeals,CALIFORNIA,2
GarciaSharra,CALIFORNIA,2
GatewayU_2016,CALIFORNIA,2
GaurikaBrijwal,CALIFORNIA,2
gavinhoops2,CALIFORNIA,2
GavinTanner,CALIFORNIA,2
gbrown_gb23,CALIFORNIA,2
GearVR_us,CALIFORNIA,2
gemamataa,CALIFORNIA,2
Gemma_Lou_Lou,CALIFORNIA,2
gentagInc,WASHINGTON,2
Geraldine_Julie,CALIFORNIA,2
Geronimsxvi,CALIFORNIA,2
geudehradun,CALIFORNIA,2
GharFinder1,CALIFORNIA,2
GHS_Gators,CALIFORNIA,2
giantblackdog,CALIFORNIA,2
GiantRobotKillr,CALIFORNIA,2
giggyy54,CALIFORNIA,2
giselleyygee,CALIFORNIA,2
GJL67,CALIFORNIA,2
glenglet,CALIFORNIA,2
GlenStation,CALIFORNIA,2
Glydetime_,CALIFORNIA,2
